"year","reg","sex","s.age","length","mean","sd","n","se"
"1",1963,"3A ","F",12,"length",134.340425531915,14.0747640272824,47,2.05301533517441
"2",1963,"3A ","F",13,"length",139.12,13.6238761004349,25,2.72477522008697
"3",1963,"3A ","F",14,"length",142.8,17.5739706510636,10,5.55737747903131
"4",1963,"3A ","F",15,"length",153.25,11.4735721178218,8,4.05652032447234
"5",1963,"3A ","F",16,"length",148.777777777778,13.7275068546493,9,4.57583561821644
"6",1963,"3A ","F",17,"length",154.375,18.2360514209785,8,6.44741781092023
"7",1963,"3A ","F",18,"length",147.2,6.76017751246223,5,3.0232432915662
"8",1963,"3A ","M",12,"length",107.965517241379,12.5512741488114,29,2.33071309761642
"9",1963,"3A ","M",13,"length",124.1,10.3004854254545,10,3.25729949498047
"10",1963,"3A ","M",14,"length",122.8,9.93478736561583,5,4.44297197830461
"11",1963,"3A ","M",15,"length",125,28.2842712474619,2,20
"12",1963,"3A ","M",16,"length",143,NA,1,NA
"13",1963,"3A ","M",17,"length",140,NA,1,NA
"14",1964,"3A ","F",12,"length",134,9.0921211313239,4,4.54606056566195
"15",1964,"3A ","F",15,"length",164,4.24264068711928,2,3
"16",1964,"3A ","M",12,"length",117.666666666667,22.8983259941275,3,13.2203546767013
"17",1964,"3A ","M",13,"length",81,NA,1,NA
"18",1964,"3B ","F",12,"length",136.769230769231,10.2266619864262,26,2.0056134241425
"19",1964,"3B ","F",13,"length",137,13.5731635675243,27,2.61215654648833
"20",1964,"3B ","F",14,"length",145.470588235294,17.6001336893318,17,4.26865942506511
"21",1964,"3B ","F",15,"length",159.833333333333,17.3599155143874,6,7.08715583134573
"22",1964,"3B ","F",16,"length",155,18.9560896108172,4,9.47804480540862
"23",1964,"3B ","F",17,"length",163.5,22.3852630093997,6,9.13874535517139
"24",1964,"3B ","F",18,"length",191,NA,1,NA
"25",1964,"3B ","M",12,"length",94,3.74165738677394,7,1.41421356237309
"26",1964,"3B ","M",13,"length",110.066666666667,11.2850512162055,15,2.91378769476411
"27",1964,"3B ","M",14,"length",125,NA,1,NA
"28",1964,"3B ","M",18,"length",151,NA,1,NA
"29",1965,"2B ","F",12,"length",115,28.9309522829789,7,10.9348721332912
"30",1965,"2B ","F",13,"length",142,NA,1,NA
"31",1965,"2B ","F",14,"length",151.333333333333,18.7705443004015,3,10.8371788046726
"32",1965,"2B ","F",15,"length",141,26.8700576850888,2,19
"33",1965,"2B ","F",16,"length",162,NA,1,NA
"34",1965,"2B ","F",17,"length",135,NA,1,NA
"35",1965,"2B ","F",18,"length",141,NA,1,NA
"36",1965,"2B ","M",12,"length",92.5,0.707106781186548,2,0.5
"37",1965,"2B ","M",13,"length",94,17.4585222742362,6,7.12741187248219
"38",1965,"2B ","M",14,"length",88.5,21.920310216783,2,15.5
"39",1965,"2B ","M",17,"length",111,NA,1,NA
"40",1965,"3B ","F",12,"length",138.75,12.6236739048956,8,4.46314271081968
"41",1965,"3B ","F",13,"length",140.625,10.8926580778064,16,2.72316451945159
"42",1965,"3B ","F",14,"length",149.777777777778,26.8178008875531,9,8.9392669625177
"43",1965,"3B ","F",15,"length",150,13.7477270848675,3,7.93725393319377
"44",1965,"3B ","F",16,"length",155.8,20.5961161387287,5,9.21086315173556
"45",1965,"3B ","F",18,"length",174,NA,1,NA
"46",1965,"3B ","M",12,"length",119.2,6.1400325732035,5,2.7459060435492
"47",1965,"3B ","M",13,"length",122,NA,1,NA
"48",1965,"3B ","M",14,"length",137,NA,1,NA
"49",1965,"3B ","M",15,"length",140,0,2,0
"50",1965,"4A ","F",12,"length",132.666666666667,7.76745346515403,3,4.48454134902457
"51",1965,"4A ","F",13,"length",143,11.3578166916005,3,6.557438524302
"52",1965,"4A ","F",14,"length",131.5,13.4350288425444,2,9.5
"53",1965,"4A ","F",15,"length",149,NA,1,NA
"54",1965,"4A ","F",16,"length",156,NA,1,NA
"55",1965,"4A ","M",12,"length",102,22.6274169979695,2,16
"56",1965,"4A ","M",13,"length",101,NA,1,NA
"57",1966,"2B ","F",12,"length",118,4.24264068711928,2,3
"58",1966,"2B ","F",14,"length",138.8,12.9305839001957,5,5.78273291792038
"59",1966,"2B ","F",15,"length",155,NA,1,NA
"60",1966,"2B ","M",12,"length",100,1.4142135623731,2,1
"61",1966,"2B ","M",13,"length",100,NA,1,NA
"62",1966,"2B ","M",14,"length",80,NA,1,NA
"63",1976,"2B ","F",12,"length",135,NA,1,NA
"64",1976,"2B ","F",13,"length",142.5,13.4350288425444,2,9.5
"65",1976,"2B ","F",14,"length",130,NA,1,NA
"66",1976,"2B ","F",15,"length",149,NA,1,NA
"67",1976,"2B ","M",12,"length",95,NA,1,NA
"68",1976,"2B ","M",15,"length",85,NA,1,NA
"69",1976,"3A ","F",13,"length",165,NA,1,NA
"70",1976,"3A ","F",15,"length",148,NA,1,NA
"71",1977,"2B ","F",14,"length",148,NA,1,NA
"72",1977,"2B ","F",16,"length",154,30.5122926047847,3,17.6162803489651
"73",1977,"2B ","F",17,"length",146,NA,1,NA
"74",1977,"2B ","M",12,"length",78,NA,1,NA
"75",1977,"2B ","M",13,"length",97,NA,1,NA
"76",1977,"2B ","M",15,"length",115,NA,1,NA
"77",1977,"2B ","M",16,"length",102,NA,1,NA
"78",1977,"3A ","F",12,"length",134.5,19.0700463205171,4,9.53502316025854
"79",1977,"3A ","F",13,"length",139,12.7279220613579,2,9
"80",1977,"3A ","F",14,"length",157.5,8.50490054811538,4,4.25245027405769
"81",1977,"3A ","F",15,"length",146,NA,1,NA
"82",1977,"3A ","F",16,"length",155.333333333333,10.5987420637231,3,6.11918658356194
"83",1977,"3A ","F",17,"length",185,5.65685424949238,2,4
"84",1977,"3A ","F",18,"length",179,NA,1,NA
"85",1978,"2B ","F",12,"length",95,NA,1,NA
"86",1978,"2B ","F",13,"length",122,16.9705627484771,2,12
"87",1978,"2B ","F",16,"length",139,NA,1,NA
"88",1978,"2B ","F",17,"length",146,NA,1,NA
"89",1978,"2B ","M",12,"length",87,NA,1,NA
"90",1978,"2B ","M",14,"length",95,NA,1,NA
"91",1978,"2B ","M",15,"length",110,NA,1,NA
"92",1978,"2B ","M",16,"length",96,NA,1,NA
"93",1978,"3A ","F",12,"length",144,NA,1,NA
"94",1978,"3A ","F",13,"length",157,NA,1,NA
"95",1978,"3A ","F",14,"length",151.5,33.2340187157677,2,23.5
"96",1978,"3A ","F",15,"length",146.5,9.19238815542512,2,6.5
"97",1978,"3A ","F",16,"length",169.5,16.2634559672906,2,11.5
"98",1978,"3A ","F",17,"length",171,NA,1,NA
"99",1978,"3A ","F",18,"length",190,NA,1,NA
"100",1978,"3A ","M",13,"length",124,7.07106781186548,2,5
"101",1979,"3A ","F",12,"length",135.090909090909,12.9108833582722,11,3.89277780103931
"102",1979,"3A ","F",13,"length",137.75,11.8708326020826,4,5.93541630104129
"103",1979,"3A ","F",14,"length",148,15.9791530856092,4,7.98957654280459
"104",1979,"3A ","F",15,"length",150,NA,1,NA
"105",1979,"3A ","F",16,"length",182,NA,1,NA
"106",1979,"3A ","F",17,"length",151.5,4.94974746830583,2,3.5
"107",1979,"3A ","F",18,"length",170,NA,1,NA
"108",1979,"3A ","M",12,"length",112.666666666667,9.50438495292217,3,5.48735921105144
"109",1979,"3A ","M",13,"length",109,NA,1,NA
"110",1979,"3A ","M",14,"length",126,NA,1,NA
"111",1979,"3A ","M",15,"length",96,NA,1,NA
"112",1979,"3A ","M",16,"length",140,NA,1,NA
"113",1979,"3A ","M",18,"length",147,NA,1,NA
"114",1980,"2B ","F",12,"length",107.5,2.12132034355964,2,1.5
"115",1980,"2B ","F",13,"length",115.5,12.0208152801713,2,8.5
"116",1980,"2B ","F",14,"length",152,NA,1,NA
"117",1980,"2B ","F",15,"length",142.666666666667,15.0443787951957,3,8.68587614719692
"118",1980,"2B ","F",17,"length",148,4.24264068711928,2,3
"119",1980,"2B ","F",18,"length",165,1.4142135623731,2,1
"120",1980,"2B ","M",12,"length",87.5,7.77817459305202,2,5.5
"121",1980,"2B ","M",13,"length",94.5,14.8492424049175,2,10.5
"122",1980,"2B ","M",14,"length",112.5,9.19238815542512,2,6.5
"123",1980,"2B ","M",16,"length",102,NA,1,NA
"124",1980,"2B ","M",17,"length",107,NA,1,NA
"125",1980,"3A ","F",12,"length",133.333333333333,15.7718102955875,9,5.25727009852917
"126",1980,"3A ","F",13,"length",138.083333333333,19.5003884965185,12,5.62927727388362
"127",1980,"3A ","F",14,"length",144.454545454545,15.1020769191766,11,4.55344751781775
"128",1980,"3A ","F",15,"length",154.666666666667,13.7646891235025,6,5.61941080343641
"129",1980,"3A ","F",16,"length",149.5,36.0624458405139,2,25.5
"130",1980,"3A ","F",17,"length",147.5,3.53553390593274,2,2.5
"131",1980,"3A ","F",18,"length",147,9.89949493661167,2,7
"132",1980,"3A ","M",12,"length",109.6,8.64869932417586,5,3.86781592116274
"133",1980,"3A ","M",14,"length",131,16.9705627484771,2,12
"134",1980,"3A ","M",17,"length",105,NA,1,NA
"135",1981,"2B ","F",12,"length",101,NA,1,NA
"136",1981,"2B ","F",13,"length",142.5,6.36396103067893,2,4.5
"137",1981,"2B ","F",14,"length",126,NA,1,NA
"138",1981,"2B ","F",15,"length",150,5.65685424949238,2,4
"139",1981,"2B ","F",16,"length",150.5,4.94974746830583,2,3.5
"140",1981,"2B ","F",17,"length",156,NA,1,NA
"141",1981,"2B ","F",18,"length",169,NA,1,NA
"142",1981,"2B ","M",12,"length",115,14.142135623731,2,10
"143",1981,"2B ","M",13,"length",101,8.48528137423857,2,6
"144",1981,"2B ","M",15,"length",106.5,19.0918830920368,2,13.5
"145",1981,"2B ","M",16,"length",102,1.4142135623731,2,1
"146",1981,"2B ","M",17,"length",121,NA,1,NA
"147",1981,"3A ","F",12,"length",124.8,15.3353000809058,15,3.95955745482942
"148",1981,"3A ","F",13,"length",140.846153846154,11.2238299601499,13,3.11293034064688
"149",1981,"3A ","F",14,"length",138.090909090909,9.85347193079217,11,2.9709335706124
"150",1981,"3A ","F",15,"length",160.25,9.66215001214237,8,3.41608589721378
"151",1981,"3A ","F",16,"length",160.875,8.95125689498408,8,3.16474722529304
"152",1981,"3A ","F",17,"length",162.666666666667,12.2092860834148,6,4.98442017133833
"153",1981,"3A ","F",18,"length",173.25,14.4539498638492,4,7.22697493192461
"154",1981,"3A ","M",12,"length",109.8,15.8177115917569,5,7.07389567353096
"155",1981,"3A ","M",13,"length",115.5,17.8965279952765,8,6.32737815257744
"156",1981,"3A ","M",14,"length",116,NA,1,NA
"157",1981,"3A ","M",15,"length",120.5,27.5771644662754,2,19.5
"158",1981,"3A ","M",16,"length",142.5,3.53553390593274,2,2.5
"159",1981,"3A ","M",18,"length",153.5,17.6776695296637,2,12.5
"160",1982,"2B ","F",12,"length",117.5,10.6066017177982,2,7.5
"161",1982,"2B ","F",13,"length",158,5.65685424949238,2,4
"162",1982,"2B ","F",14,"length",129,22,3,12.7017059221718
"163",1982,"2B ","F",15,"length",151,NA,1,NA
"164",1982,"2B ","F",16,"length",152,NA,1,NA
"165",1982,"2B ","F",17,"length",155,NA,1,NA
"166",1982,"2B ","M",12,"length",89.5,19.0918830920368,2,13.5
"167",1982,"2B ","M",15,"length",90,NA,1,NA
"168",1982,"2B ","M",16,"length",80,NA,1,NA
"169",1982,"2B ","M",17,"length",103,NA,1,NA
"170",1982,"2C ","F",12,"length",110.4,14.9264865256362,5,6.67532770731145
"171",1982,"2C ","F",13,"length",129.666666666667,20.441787266936,6,8.34532470575258
"172",1982,"2C ","F",14,"length",147,11.7260393995586,5,5.24404424085076
"173",1982,"2C ","F",15,"length",149.5,7.77817459305202,2,5.5
"174",1982,"2C ","F",16,"length",123,NA,1,NA
"175",1982,"2C ","F",17,"length",135,NA,1,NA
"176",1982,"2C ","F",18,"length",163.666666666667,20.2072594216369,3,11.6666666666667
"177",1982,"2C ","M",12,"length",95.875,11.357030547513,8,4.0153166571446
"178",1982,"2C ","M",13,"length",111,25.4558441227157,2,18
"179",1982,"2C ","M",14,"length",114,NA,1,NA
"180",1982,"2C ","M",15,"length",113,20.5101600838869,4,10.2550800419434
"181",1982,"2C ","M",16,"length",119,14.142135623731,2,10
"182",1982,"3A ","F",12,"length",139.285714285714,14.730546866597,14,3.93690424961589
"183",1982,"3A ","F",13,"length",140.928571428571,11.1938464257018,14,2.99168129751003
"184",1982,"3A ","F",14,"length",144.2,12.3166553901617,5,5.50817574156816
"185",1982,"3A ","F",15,"length",151.5,19.8074060223274,4,9.90370301116372
"186",1982,"3A ","F",16,"length",166.2,24.0769599409892,5,10.7675438239182
"187",1982,"3A ","F",17,"length",135,NA,1,NA
"188",1982,"3A ","F",18,"length",178.2,8.37854402626136,5,3.74699879903904
"189",1982,"3A ","M",12,"length",104.2,15.0834714542479,10,4.76981248175556
"190",1982,"3A ","M",13,"length",103.75,17.1148084028617,4,8.55740420143087
"191",1982,"3A ","M",14,"length",112,14.8155323900291,5,6.62570750939098
"192",1982,"3A ","M",15,"length",114,22.6274169979695,2,16
"193",1982,"3B ","F",12,"length",144.5,11.6261200177302,10,3.67650196065046
"194",1982,"3B ","F",13,"length",137.75,5.1234753829798,4,2.5617376914899
"195",1982,"3B ","F",14,"length",151.5,10.6066017177982,2,7.5
"196",1982,"3B ","F",15,"length",165,11,3,6.35085296108588
"197",1982,"3B ","F",17,"length",175.5,9.19238815542512,2,6.5
"198",1982,"3B ","F",18,"length",185,NA,1,NA
"199",1982,"3B ","M",12,"length",103,19.4422220952236,4,9.72111104761179
"200",1982,"3B ","M",13,"length",88,4.24264068711928,2,3
"201",1982,"3B ","M",14,"length",88,NA,1,NA
"202",1983,"2B ","F",12,"length",124,5.65685424949238,2,4
"203",1983,"2B ","F",14,"length",160,11.3137084989848,2,8
"204",1983,"2B ","F",15,"length",142,NA,1,NA
"205",1983,"2B ","F",16,"length",147.5,12.0208152801713,2,8.5
"206",1983,"2B ","F",17,"length",109,NA,1,NA
"207",1983,"2B ","M",12,"length",85,1,3,0.577350269189626
"208",1983,"2B ","M",13,"length",95,5.65685424949238,2,4
"209",1983,"2B ","M",15,"length",106,NA,1,NA
"210",1983,"2B ","M",16,"length",112,NA,1,NA
"211",1983,"2B ","M",18,"length",90,NA,1,NA
"212",1983,"2C ","F",12,"length",118.315789473684,18.7558957592271,19,4.30289759000285
"213",1983,"2C ","F",13,"length",133.352941176471,13.7247093615429,17,3.32873096344382
"214",1983,"2C ","F",14,"length",128.75,16.3880499699684,12,4.73082253082715
"215",1983,"2C ","F",15,"length",153,12.675435561221,4,6.33771778061051
"216",1983,"2C ","F",16,"length",161,NA,1,NA
"217",1983,"2C ","F",17,"length",146.25,5.31507290636732,4,2.65753645318366
"218",1983,"2C ","F",18,"length",158.666666666667,8.32666399786453,3,4.80740170061865
"219",1983,"2C ","M",12,"length",106.090909090909,17.2014798517717,11,5.18644131883501
"220",1983,"2C ","M",13,"length",100,10.9848380355227,10,3.47371079203014
"221",1983,"2C ","M",14,"length",99.6666666666667,14.0118997046558,3,8.08977406634107
"222",1983,"2C ","M",15,"length",109.166666666667,10.7035819549657,6,4.36971903495459
"223",1983,"2C ","M",16,"length",116.75,19.1027921170353,4,9.55139605851766
"224",1983,"2C ","M",17,"length",122,13.3416640641263,4,6.67083203206317
"225",1983,"2C ","M",18,"length",112.5,19.4336477961979,4,9.71682389809894
"226",1983,"3A ","F",12,"length",131.32,13.6647966200257,25,2.73295932400515
"227",1983,"3A ","F",13,"length",138,13.4081235740792,19,3.07603450957455
"228",1983,"3A ","F",14,"length",137.142857142857,16.1563786607201,21,3.52561086519615
"229",1983,"3A ","F",15,"length",144.333333333333,10.4522724801834,9,3.48409082672781
"230",1983,"3A ","F",16,"length",149.333333333333,18.5652004208591,6,7.57921133393472
"231",1983,"3A ","F",17,"length",156,21.6564078277077,5,9.6850400102426
"232",1983,"3A ","F",18,"length",161,NA,1,NA
"233",1983,"3A ","M",12,"length",97.25,33.8207171581401,12,9.76320007771918
"234",1983,"3A ","M",13,"length",108.090909090909,18.107758256916,11,5.45969453933184
"235",1983,"3A ","M",14,"length",104.6,16.5166582576501,5,7.38647412504776
"236",1983,"3A ","M",15,"length",101.666666666667,13.3166562369588,3,7.68837506311386
"237",1983,"3A ","M",16,"length",128,NA,1,NA
"238",1983,"3A ","M",17,"length",134.5,9.19238815542512,2,6.5
"239",1984,"2B ","F",12,"length",123.75,15.4137384606504,4,7.7068692303252
"240",1984,"2B ","F",13,"length",119.333333333333,12.0138808606267,3,6.93621734889494
"241",1984,"2B ","F",14,"length",138,NA,1,NA
"242",1984,"2B ","F",15,"length",139.5,21.920310216783,2,15.5
"243",1984,"2B ","F",17,"length",145,NA,1,NA
"244",1984,"2B ","M",12,"length",88.125,7.07990112925315,8,2.5031230493126
"245",1984,"2B ","M",13,"length",100.75,14.4539498638492,4,7.22697493192461
"246",1984,"2B ","M",14,"length",94.3333333333333,12.0138808606267,3,6.93621734889494
"247",1984,"2B ","M",15,"length",124,NA,1,NA
"248",1984,"2B ","M",16,"length",111,NA,1,NA
"249",1984,"2C ","F",12,"length",122,16.0686029262036,11,4.84486607376584
"250",1984,"2C ","F",13,"length",130.272727272727,14.464376302426,11,4.36117354742319
"251",1984,"2C ","F",14,"length",147,14.3874945699382,9,4.79583152331272
"252",1984,"2C ","F",15,"length",162.571428571429,26.3998556994613,7,9.97820754696654
"253",1984,"2C ","F",16,"length",135.333333333333,32.1921315438002,3,18.5861358126009
"254",1984,"2C ","F",17,"length",138.5,2.12132034355964,2,1.5
"255",1984,"2C ","F",18,"length",167.75,18.3189337389853,4,9.15946686949264
"256",1984,"2C ","M",12,"length",99.4285714285714,11.2708902502405,14,3.01227212573792
"257",1984,"2C ","M",13,"length",103.2,6.57267069006199,5,2.93938769133981
"258",1984,"2C ","M",14,"length",103.777777777778,16.9910106952013,9,5.66367023173376
"259",1984,"2C ","M",15,"length",108.5,10.0829889748361,4,5.04149448741806
"260",1984,"2C ","M",16,"length",128,18.3847763108502,2,13
"261",1984,"2C ","M",17,"length",101,8.18535277187245,3,4.72581562625261
"262",1984,"2C ","M",18,"length",130.5,31.8198051533946,2,22.5
"263",1984,"3A ","F",12,"length",132.666666666667,14.6372811683044,9,4.87909372276815
"264",1984,"3A ","F",13,"length",138.571428571429,12.6735570231505,7,4.79015430140747
"265",1984,"3A ","F",14,"length",153.25,17.6534092215316,8,6.24142268580307
"266",1984,"3A ","F",15,"length",148.285714285714,27.4148030919689,7,10.3618216033078
"267",1984,"3A ","F",16,"length",178,NA,1,NA
"268",1984,"3A ","F",17,"length",186.666666666667,43.096790290384,3,24.881943475362
"269",1984,"3A ","F",18,"length",151.666666666667,22.5018517756502,3,12.9914501799367
"270",1984,"3A ","M",12,"length",108.625,12.1412814103666,8,4.29259120878221
"271",1984,"3A ","M",13,"length",120.2,12.61744823647,5,5.64269439186635
"272",1984,"3A ","M",14,"length",122.4,12.7003936946852,5,5.67978872846517
"273",1984,"3A ","M",15,"length",117,14.142135623731,2,10
"274",1984,"3A ","M",16,"length",132,11.3137084989848,2,8
"275",1984,"3A ","M",17,"length",150,26.8700576850888,2,19
"276",1984,"3A ","M",18,"length",151,NA,1,NA
"277",1984,"4C ","F",12,"length",132.75,15.1916330355138,8,5.37105336835469
"278",1984,"4C ","F",13,"length",148.666666666667,6.02771377334171,3,3.48010216963685
"279",1984,"4C ","F",14,"length",136,NA,1,NA
"280",1985,"2A ","F",12,"length",138.5,19.0918830920368,2,13.5
"281",1985,"2A ","F",13,"length",130,NA,1,NA
"282",1985,"2A ","F",14,"length",130,1.4142135623731,2,1
"283",1985,"2A ","M",12,"length",103.666666666667,4.04145188432738,3,2.33333333333333
"284",1985,"2A ","M",14,"length",113,NA,1,NA
"285",1985,"2B ","F",12,"length",114.5,2.12132034355964,2,1.5
"286",1985,"2B ","F",13,"length",114.25,19.4486503387767,4,9.72432516938836
"287",1985,"2B ","F",14,"length",130,NA,1,NA
"288",1985,"2B ","F",17,"length",140,NA,1,NA
"289",1985,"2B ","F",18,"length",156,NA,1,NA
"290",1985,"2B ","M",12,"length",88.6666666666667,6.86051504383357,6,2.80079353834667
"291",1985,"2B ","M",13,"length",92,NA,1,NA
"292",1985,"2B ","M",14,"length",93,NA,1,NA
"293",1985,"2B ","M",15,"length",102,8.48528137423857,2,6
"294",1985,"2B ","M",16,"length",133,NA,1,NA
"295",1985,"2B ","M",17,"length",113.333333333333,12.6622799421484,3,7.31057073315377
"296",1985,"2C ","F",12,"length",121.529411764706,15.796034498644,17,3.83110110022411
"297",1985,"2C ","F",13,"length",130.5625,24.7627913073897,16,6.19069782684742
"298",1985,"2C ","F",14,"length",126.714285714286,17.9590498781943,14,4.7997579740134
"299",1985,"2C ","F",15,"length",141.75,15.439765660021,12,4.45707643001893
"300",1985,"2C ","F",16,"length",131.875,15.08487890003,8,5.33331008179455
"301",1985,"2C ","F",17,"length",132.666666666667,21.9787776426867,6,8.97279839911224
"302",1985,"2C ","F",18,"length",182,NA,1,NA
"303",1985,"2C ","M",12,"length",100.545454545455,15.27981437298,11,4.60703737649585
"304",1985,"2C ","M",13,"length",102.666666666667,10.3693688102897,15,2.67735951419565
"305",1985,"2C ","M",14,"length",105.8,10.5703989202552,10,3.34265363645911
"306",1985,"2C ","M",15,"length",106.222222222222,10.3896315836725,9,3.46321052789082
"307",1985,"2C ","M",16,"length",113,16.9705627484771,2,12
"308",1985,"2C ","M",17,"length",122.666666666667,10.0166528008778,3,5.78311719096582
"309",1985,"2C ","M",18,"length",117,6.557438524302,3,3.78593889720018
"310",1985,"3A ","F",12,"length",127.75,17.3840313349506,12,5.01833758541732
"311",1985,"3A ","F",13,"length",127.285714285714,23.6552621750728,7,8.94084870189648
"312",1985,"3A ","F",14,"length",156.75,11.5480363203942,8,4.08284739576963
"313",1985,"3A ","F",15,"length",170.25,11.4236596587959,8,4.03887360535088
"314",1985,"3A ","F",16,"length",188,NA,1,NA
"315",1985,"3A ","F",17,"length",184.5,0.707106781186548,2,0.5
"316",1985,"3A ","F",18,"length",187,NA,1,NA
"317",1985,"3A ","M",12,"length",102.444444444444,14.4837073216003,9,4.82790244053343
"318",1985,"3A ","M",13,"length",105.5,9.09395403551173,6,3.71259118855461
"319",1985,"3A ","M",14,"length",124.666666666667,10.0166528008778,3,5.78311719096582
"320",1985,"3A ","M",15,"length",117.333333333333,7.23417813807024,3,4.17665469538056
"321",1985,"3A ","M",16,"length",145,NA,1,NA
"322",1985,"3A ","M",17,"length",134,NA,1,NA
"323",1986,"2B ","F",12,"length",113.5,16.2634559672906,2,11.5
"324",1986,"2B ","F",13,"length",123.666666666667,3.78593889720018,3,2.185812841434
"325",1986,"2B ","F",14,"length",135.666666666667,18.6100331362771,3,10.7445076408575
"326",1986,"2B ","F",15,"length",118.333333333333,29.6704117486316,3,17.1302202100395
"327",1986,"2B ","F",16,"length",128.75,18.3915741577495,4,9.19578707887476
"328",1986,"2B ","F",18,"length",177,NA,1,NA
"329",1986,"2B ","M",12,"length",83.75,0.957427107756338,4,0.478713553878169
"330",1986,"2B ","M",13,"length",99,NA,1,NA
"331",1986,"2B ","M",14,"length",96,0,2,0
"332",1986,"2B ","M",15,"length",93.6666666666667,7.23417813807024,3,4.17665469538056
"333",1986,"2B ","M",16,"length",91,NA,1,NA
"334",1986,"2B ","M",17,"length",103,NA,1,NA
"335",1986,"2C ","F",12,"length",120.16,18.5037833969164,25,3.70075667938328
"336",1986,"2C ","F",13,"length",134.16,18.6137941681252,25,3.72275883362505
"337",1986,"2C ","F",14,"length",131.666666666667,24.6815005740785,18,5.81748547526352
"338",1986,"2C ","F",15,"length",134.125,24.0501707745645,8,8.50301942169452
"339",1986,"2C ","F",16,"length",150.307692307692,23.5668715763768,13,6.53627414391549
"340",1986,"2C ","F",17,"length",162.4,21.3962613556668,5,9.56869897112455
"341",1986,"2C ","F",18,"length",148,16.9705627484771,2,12
"342",1986,"2C ","M",12,"length",96.0833333333333,13.24220754278,12,3.82269604474447
"343",1986,"2C ","M",13,"length",100.764705882353,10.3230894828335,17,2.50371696002503
"344",1986,"2C ","M",14,"length",103.625,16.39631927337,8,5.79697427234982
"345",1986,"2C ","M",15,"length",106.6,12.8569047597001,5,5.74978260458602
"346",1986,"2C ","M",16,"length",116.625,9.33407735129724,8,3.30009469561102
"347",1986,"2C ","M",17,"length",118.333333333333,8.08290376865476,3,4.66666666666667
"348",1986,"2C ","M",18,"length",123.6,18.6627972179949,5,8.34625664594613
"349",1986,"3A ","F",12,"length",124.333333333333,17.3781471969828,9,5.79271573232759
"350",1986,"3A ","F",13,"length",134.555555555556,15.8280693003846,9,5.2760231001282
"351",1986,"3A ","F",14,"length",153,22.3383079036887,3,12.8970280814354
"352",1986,"3A ","F",15,"length",158,NA,1,NA
"353",1986,"3A ","F",17,"length",165.666666666667,3.78593889720018,3,2.185812841434
"354",1986,"3A ","M",12,"length",102.2,16.9888852554316,10,5.37235723144154
"355",1986,"3A ","M",13,"length",114,18.9359823767194,8,6.69488077350363
"356",1986,"3A ","M",14,"length",98.5,6.36396103067893,2,4.5
"357",1986,"3A ","M",15,"length",107,12.7279220613579,2,9
"358",1986,"3A ","M",16,"length",122,21.7944947177034,3,12.5830573921179
"359",1986,"3A ","M",17,"length",112,9.89949493661167,2,7
"360",1986,"3A ","M",18,"length",147.5,8.88819441731559,4,4.44409720865779
"361",1988,"2B ","F",12,"length",113.333333333333,2.88675134594813,3,1.66666666666667
"362",1988,"2B ","F",13,"length",119,NA,1,NA
"363",1988,"2B ","F",14,"length",125,NA,1,NA
"364",1988,"2B ","M",12,"length",86,6.92820323027551,3,4
"365",1988,"2B ","M",13,"length",82,NA,1,NA
"366",1988,"2B ","M",15,"length",104,16.9705627484771,2,12
"367",1988,"3A ","F",12,"length",127.333333333333,14.5344418537486,9,4.84481395124954
"368",1988,"3A ","F",13,"length",156.666666666667,18.6100331362771,3,10.7445076408575
"369",1988,"3A ","F",14,"length",146.166666666667,12.4485608271264,6,5.08210367640978
"370",1988,"3A ","F",15,"length",150.333333333333,19.2527054375915,6,7.85988408170107
"371",1988,"3A ","F",17,"length",178,5.65685424949238,2,4
"372",1988,"3A ","M",13,"length",112,15.556349186104,2,11
"373",1988,"3A ","M",14,"length",105,5.65685424949238,2,4
"374",1989,"2B ","F",12,"length",113.333333333333,18.2208671582886,9,6.0736223860962
"375",1989,"2B ","F",13,"length",132.666666666667,28.0832096931007,6,11.4649223479466
"376",1989,"2B ","M",12,"length",89.6,5.50454357780915,5,2.46170672501823
"377",1989,"2B ","M",13,"length",90.3333333333333,2.3094010767585,3,1.33333333333333
"378",1989,"2B ","M",14,"length",88,10.3923048454133,3,6
"379",1989,"2B ","M",15,"length",97.6666666666667,5.5075705472861,3,3.17979733805649
"380",1989,"2B ","M",16,"length",104,NA,1,NA
"381",1989,"2C ","F",12,"length",130.555555555556,16.7340305299643,9,5.57801017665477
"382",1989,"2C ","F",13,"length",143.5,23.3345237791561,2,16.5
"383",1989,"2C ","F",14,"length",127.166666666667,16.0426514849219,6,6.54938504322692
"384",1989,"2C ","F",15,"length",142.333333333333,8.9628864398325,3,5.17472489875334
"385",1989,"2C ","F",16,"length",148,NA,1,NA
"386",1989,"2C ","F",18,"length",181,NA,1,NA
"387",1989,"2C ","M",12,"length",95.2857142857143,15.6281187363705,7,5.90687366231791
"388",1989,"2C ","M",13,"length",101.333333333333,10.1159939369957,3,5.84047182264508
"389",1989,"2C ","M",14,"length",119.5,9.71253485622231,4,4.85626742811116
"390",1989,"2C ","M",15,"length",106.75,11.9826263120125,4,5.99131315600623
"391",1989,"2C ","M",16,"length",112.5,13.4350288425444,2,9.5
"392",1989,"2C ","M",17,"length",104.8,12.3571841452655,5,5.52630075185924
"393",1989,"3A ","F",12,"length",126.190476190476,19.5600864071588,42,3.01818685817258
"394",1989,"3A ","F",13,"length",140.333333333333,20.9853428703134,27,4.03863111840402
"395",1989,"3A ","F",14,"length",143.071428571429,20.841763861994,14,5.57019569340201
"396",1989,"3A ","F",15,"length",146.916666666667,19.3647211248297,12,5.59011347710122
"397",1989,"3A ","F",16,"length",150,27.9016128566074,5,12.4779806058513
"398",1989,"3A ","F",17,"length",116,NA,1,NA
"399",1989,"3A ","F",18,"length",174,NA,1,NA
"400",1989,"3A ","M",12,"length",102.04,14.6471840297035,25,2.92943680594069
"401",1989,"3A ","M",13,"length",96.625,8.51783842465748,8,3.01151065556332
"402",1989,"3A ","M",14,"length",118.785714285714,14.4284898267739,14,3.85617611002438
"403",1989,"3A ","M",15,"length",112.333333333333,13.5462171841441,9,4.51540572804802
"404",1989,"3A ","M",16,"length",113.666666666667,1.15470053837925,3,0.666666666666667
"405",1989,"3A ","M",17,"length",121.333333333333,9.29157324317757,3,5.36449231314369
"406",1989,"3A ","M",18,"length",150,NA,1,NA
"407",1989,"3B ","F",12,"length",114.333333333333,22.3039607842793,6,9.10555386075505
"408",1989,"3B ","F",13,"length",149.333333333333,23.1156512634477,3,13.3458274794451
"409",1989,"3B ","F",14,"length",142.333333333333,38.3709959908957,3,22.1535048644177
"410",1989,"3B ","F",15,"length",140,NA,1,NA
"411",1989,"3B ","F",16,"length",135,NA,1,NA
"412",1989,"3B ","F",17,"length",181,NA,1,NA
"413",1989,"3B ","M",12,"length",95.3333333333333,12.9254271367203,6,5.27678353208131
"414",1989,"3B ","M",13,"length",106.5,9.19238815542512,2,6.5
"415",1989,"3B ","M",14,"length",92,14,3,8.08290376865476
"416",1989,"3B ","M",15,"length",128,38.1837661840736,2,27
"417",1989,"3B ","M",16,"length",109,NA,1,NA
"418",1992,"3A ","F",12,"length",103.294117647059,12.0766546789785,17,2.92901899091401
"419",1992,"3A ","F",13,"length",117.5,9.19238815542512,2,6.5
"420",1992,"3A ","F",14,"length",120.25,11.5,4,5.75
"421",1992,"3A ","F",15,"length",108.8,15.7225952056268,5,7.03135833249878
"422",1992,"3A ","F",16,"length",106,14,3,8.08290376865476
"423",1992,"3A ","F",17,"length",136,8.48528137423857,2,6
"424",1992,"3A ","F",18,"length",112,NA,1,NA
"425",1992,"3A ","M",12,"length",89.6153846153846,12.7641324391075,13,3.54013338430888
"426",1992,"3A ","M",13,"length",91.5714285714286,10.3739600741013,7,3.92098835242646
"427",1992,"3A ","M",14,"length",95,4.69041575982343,4,2.34520787991171
"428",1992,"3A ","M",15,"length",108.5,14.8492424049175,2,10.5
"429",1992,"3A ","M",18,"length",107,NA,1,NA
"430",1992,"3B ","F",12,"length",120.15,16.7529259031308,20,3.74606811414174
"431",1992,"3B ","F",13,"length",136.75,18.0460270117578,12,5.2094392765208
"432",1992,"3B ","F",14,"length",143.25,21.7006144306254,4,10.8503072153127
"433",1992,"3B ","F",15,"length",144,13.856406460551,5,6.19677335393187
"434",1992,"3B ","F",16,"length",160,NA,1,NA
"435",1992,"3B ","F",17,"length",149,NA,1,NA
"436",1992,"3B ","M",12,"length",85.5,6.36396103067893,2,4.5
"437",1992,"3B ","M",13,"length",93,NA,1,NA
"438",1992,"4A ","F",12,"length",120.461538461538,14.5293690194228,13,4.02972192305131
"439",1992,"4A ","F",13,"length",119.272727272727,13.8281662492965,11,4.16934899887023
"440",1992,"4A ","F",14,"length",129.857142857143,10.9913385813341,7,4.15433549455994
"441",1992,"4A ","F",15,"length",133.333333333333,13.7937183770971,6,5.63126194658987
"442",1992,"4A ","F",16,"length",128.5,27.5771644662754,2,19.5
"443",1992,"4A ","F",17,"length",141.333333333333,21.5019378971602,3,12.414149633024
"444",1992,"4A ","F",18,"length",120,NA,1,NA
"445",1992,"4A ","M",12,"length",89.1428571428571,9.15475416434127,7,3.46017183325428
"446",1992,"4A ","M",13,"length",92.6666666666667,9.2080333832952,12,2.65813027627627
"447",1992,"4A ","M",14,"length",92,9.5655632348545,9,3.18852107828483
"448",1992,"4A ","M",15,"length",95.875,5.84166072277396,8,2.06533895523229
"449",1992,"4A ","M",16,"length",97.5,7.77817459305202,2,5.5
"450",1992,"4A ","M",17,"length",103.666666666667,2.51661147842358,3,1.45296631451356
"451",1992,"4A ","M",18,"length",102,NA,1,NA
"452",1992,"4B ","F",12,"length",115.086956521739,13.1837125529891,23,2.74899409808342
"453",1992,"4B ","F",13,"length",124.8,15.8965405041474,5,7.10914903487049
"454",1992,"4B ","F",14,"length",139.692307692308,13.6588470437333,13,3.78828256768463
"455",1992,"4B ","F",15,"length",125.25,14.0326999065278,4,7.01634995326392
"456",1992,"4B ","F",16,"length",160.5,0.707106781186548,2,0.5
"457",1992,"4B ","F",17,"length",176.333333333333,4.50924975282289,3,2.60341655863555
"458",1992,"4B ","F",18,"length",151.666666666667,15.1767365837763,3,8.76229295206328
"459",1992,"4B ","M",12,"length",101.666666666667,9.8488578017961,9,3.2829526005987
"460",1992,"4B ","M",13,"length",92,15.556349186104,2,11
"461",1992,"4B ","M",14,"length",117,12.3558353285671,4,6.17791766428355
"462",1992,"4B ","M",15,"length",108.333333333333,12.7540843131393,6,5.2068331172711
"463",1992,"4B ","M",16,"length",111.4,14.1527382509534,5,6.32929695937866
"464",1992,"4B ","M",17,"length",110,18.3847763108502,2,13
"465",1992,"4C ","F",12,"length",126.8,13.5398048652657,20,3.02759240808166
"466",1992,"4C ","F",13,"length",124.619047619048,13.8653387642574,21,3.02566497254357
"467",1992,"4C ","F",14,"length",138.909090909091,12.1610406253293,11,3.66669171040784
"468",1992,"4C ","F",16,"length",142,NA,1,NA
"469",1992,"4C ","F",18,"length",167,NA,1,NA
"470",1992,"4D ","F",12,"length",112.090909090909,12.9340986965041,11,3.89977748888445
"471",1992,"4D ","F",13,"length",113.172413793103,12.7000252123407,29,2.35833547666269
"472",1992,"4D ","F",14,"length",118.1,14.3596657342711,20,3.21091887160046
"473",1992,"4D ","F",15,"length",120.666666666667,13.5333482609262,12,3.90674113074136
"474",1992,"4D ","F",16,"length",116.25,13.0224165704117,4,6.51120828520585
"475",1992,"4D ","F",18,"length",136,NA,1,NA
"476",1992,"4D ","M",12,"length",102,NA,1,NA
"477",1992,"4D ","M",13,"length",87.8571428571429,7.71208081364494,7,2.91489256053388
"478",1992,"4D ","M",14,"length",99,7.93725393319377,3,4.58257569495584
"479",1992,"4D ","M",16,"length",108,NA,1,NA
"480",1992,"4D ","M",17,"length",99,NA,1,NA
"481",1992,"4D ","M",18,"length",112.5,0.707106781186548,2,0.5
"482",1993,"2B ","F",12,"length",107.105263157895,13.7795933533053,19,3.16125552158645
"483",1993,"2B ","F",13,"length",116.636363636364,16.7348303085076,11,5.04574118759885
"484",1993,"2B ","F",14,"length",121.571428571429,26.1524832655024,7,9.88470955532823
"485",1993,"2B ","F",15,"length",137.5,30.1662062579967,8,10.6653645038508
"486",1993,"2B ","F",16,"length",134.666666666667,29.7713508819021,3,17.188497445805
"487",1993,"2B ","F",17,"length",128,NA,1,NA
"488",1993,"2B ","F",18,"length",144.5,10.6066017177982,2,7.5
"489",1993,"2B ","M",12,"length",87.3333333333333,6.92476576877377,15,1.78796683325653
"490",1993,"2B ","M",13,"length",99.75,8.53912563829967,4,4.26956281914983
"491",1993,"2B ","M",14,"length",91.5,9.07070988279185,10,2.86841032242212
"492",1993,"2B ","M",15,"length",94.9090909090909,9.8127931340118,11,2.95866845189934
"493",1993,"2B ","M",16,"length",93.6666666666667,6.25033332444492,6,2.55168789453395
"494",1993,"2B ","M",18,"length",90,NA,1,NA
"495",1993,"3A ","F",12,"length",108.538461538462,15.4305723841523,13,4.27967076467845
"496",1993,"3A ","F",13,"length",116.909090909091,16.8074658735607,11,5.06764163448218
"497",1993,"3A ","F",14,"length",128.571428571429,30.1156501001121,7,11.3826458194191
"498",1993,"3A ","F",15,"length",136,8.33238089795296,8,2.9459415181859
"499",1993,"3A ","F",16,"length",143.6,9.34344690143846,5,4.17851648315524
"500",1993,"3A ","F",17,"length",140,25.4558441227157,2,18
"501",1993,"3A ","M",12,"length",83.5,12.1503736134889,20,2.7169061351781
"502",1993,"3A ","M",13,"length",88.2142857142857,8.22920289091114,14,2.19934698457422
"503",1993,"3A ","M",14,"length",96.6,9.28977932999487,5,4.1545156155682
"504",1993,"3A ","M",15,"length",93.5714285714286,10.2120377146637,7,3.85978745317323
"505",1993,"3A ","M",16,"length",122.5,2.12132034355964,2,1.5
"506",1993,"3A ","M",17,"length",112,14.142135623731,2,10
"507",1993,"3A ","M",18,"length",78,NA,1,NA
"508",1994,"2A ","F",12,"length",105,19.5192212959431,3,11.2694276695846
"509",1994,"2A ","F",13,"length",80,NA,1,NA
"510",1994,"2A ","F",15,"length",87,NA,1,NA
"511",1994,"2A ","F",17,"length",136,NA,1,NA
"512",1994,"2A ","M",12,"length",88.5,6.36396103067893,2,4.5
"513",1994,"2A ","M",13,"length",90,NA,1,NA
"514",1994,"2A ","M",14,"length",84,NA,1,NA
"515",1994,"2A ","M",17,"length",118,NA,1,NA
"516",1994,"3A ","F",12,"length",114,16.6373074744683,11,5.01633694678062
"517",1994,"3A ","F",13,"length",110.8,15.6261888436617,10,4.94143478938838
"518",1994,"3A ","F",14,"length",121.375,10.7562274321171,8,3.80290067861739
"519",1994,"3A ","F",15,"length",118.714285714286,16.1318968270348,7,6.09728388286943
"520",1994,"3A ","F",17,"length",173,NA,1,NA
"521",1994,"3A ","F",18,"length",134,NA,1,NA
"522",1994,"3A ","M",12,"length",86.4615384615385,7.63342850685266,13,2.11713214531121
"523",1994,"3A ","M",13,"length",89.6153846153846,7.30910917438486,13,2.02718214663145
"524",1994,"3A ","M",14,"length",92.8,9.7729786202115,10,3.0904871963998
"525",1994,"3A ","M",15,"length",95.7142857142857,12.1889880044009,7,4.60700442759917
"526",1994,"3A ","M",16,"length",103,7.17635004720366,5,3.20936130717624
"527",1994,"3A ","M",17,"length",110.5,10.6066017177982,2,7.5
"528",1994,"3A ","M",18,"length",130,NA,1,NA
"529",1994,"3B ","F",12,"length",103.923076923077,14.4710143531909,13,4.01353725064654
"530",1994,"3B ","F",13,"length",117.928571428571,18.1636335136333,14,4.85443525049577
"531",1994,"3B ","F",14,"length",112.909090909091,10.5494506535132,11,3.18077905109752
"532",1994,"3B ","F",15,"length",121.8,18.7002673777676,5,8.36301381082203
"533",1994,"3B ","F",16,"length",123.666666666667,12.8970280814354,3,7.44610263456289
"534",1994,"3B ","F",17,"length",120,1.4142135623731,2,1
"535",1994,"3B ","F",18,"length",158.5,20.5060966544099,2,14.5
"536",1994,"3B ","M",12,"length",82.2,8.33733237379386,10,2.63649599110469
"537",1994,"3B ","M",13,"length",87,0.816496580927726,4,0.408248290463863
"538",1994,"3B ","M",14,"length",92.2,8.99135387160601,10,2.84331574828482
"539",1994,"3B ","M",15,"length",105,13.6626010212795,4,6.83130051063973
"540",1994,"3B ","M",16,"length",108,11.1654228162962,4,5.58271140814808
"541",1994,"3B ","M",17,"length",110,16.350331291241,4,8.17516564562048
"542",1995,"2A ","F",12,"length",123,25.4558441227157,2,18
"543",1995,"2A ","F",13,"length",113.5,6.36396103067893,2,4.5
"544",1995,"2A ","F",16,"length",128,NA,1,NA
"545",1995,"2A ","M",13,"length",97,NA,1,NA
"546",1995,"2A ","M",15,"length",100,NA,1,NA
"547",1995,"2B ","F",12,"length",118.47619047619,19.5131213485158,21,4.25811217259203
"548",1995,"2B ","F",13,"length",119.125,21.2849712238471,16,5.32124280596178
"549",1995,"2B ","F",14,"length",119.666666666667,20.1804360706106,9,6.72681202353685
"550",1995,"2B ","F",15,"length",123.25,17.6705970470723,4,8.83529852353615
"551",1995,"2B ","F",16,"length",131,18.8148877222268,7,7.11135912265922
"552",1995,"2B ","F",17,"length",120,17.1755640373177,5,7.68114574786861
"553",1995,"2B ","M",12,"length",86.25,11.1194809745265,8,3.93133020018125
"554",1995,"2B ","M",13,"length",85.3333333333333,8.39784552869422,15,2.16831439177701
"555",1995,"2B ","M",14,"length",91.6363636363636,8.68645758952091,11,2.61906550743417
"556",1995,"2B ","M",15,"length",92.8571428571429,10.668154658118,7,4.03218345333648
"557",1995,"2B ","M",16,"length",97.8571428571429,14.5651246868284,7,5.50509967657077
"558",1995,"2B ","M",17,"length",100.2,5.3103672189407,5,2.37486841740758
"559",1995,"2B ","M",18,"length",101.5,0.707106781186548,2,0.5
"560",1995,"3A ","F",12,"length",102.625,16.2475804650336,32,2.87219358117484
"561",1995,"3A ","F",13,"length",110.8125,20.344430032157,16,5.08610750803926
"562",1995,"3A ","F",14,"length",116.714285714286,8.55792587243517,7,3.23459194242699
"563",1995,"3A ","F",15,"length",118.5,18.5337529928506,6,7.56637297521078
"564",1995,"3A ","F",16,"length",129.625,14.4710301736163,8,5.11628178325962
"565",1995,"3A ","M",12,"length",82.4615384615385,11.4790779581476,13,3.1837233979346
"566",1995,"3A ","M",13,"length",87.7,8.08359106118342,10,2.55625594267171
"567",1995,"3A ","M",14,"length",96.7857142857143,10.7358391268797,14,2.86927369802188
"568",1995,"3A ","M",15,"length",99.6,18.3929334256393,5,8.22556988907152
"569",1995,"3A ","M",16,"length",100.6,12.3207142650092,5,5.50999092558236
"570",1995,"3A ","M",17,"length",112,NA,1,NA
"571",1995,"3A ","M",18,"length",107,NA,1,NA
"572",1995,"3B ","F",12,"length",92,NA,1,NA
"573",1995,"3B ","F",13,"length",138,NA,1,NA
"574",1995,"3B ","F",14,"length",139,NA,1,NA
"575",1995,"3B ","F",16,"length",182,14.142135623731,2,10
"576",1996,"2B ","F",12,"length",110.947368421053,14.1125384920665,19,3.23763837493399
"577",1996,"2B ","F",13,"length",112.384615384615,16.6760230147881,13,4.62509661927971
"578",1996,"2B ","F",14,"length",117.307692307692,16.8887764278757,13,4.68410379927333
"579",1996,"2B ","F",15,"length",118.636363636364,14.2005121546564,11,4.28161551344334
"580",1996,"2B ","F",16,"length",128.5,17.683325479106,6,7.2191873965611
"581",1996,"2B ","F",17,"length",138.333333333333,8.38649708360608,3,4.84194634877798
"582",1996,"2B ","F",18,"length",139.25,39.8528543519784,4,19.9264271759892
"583",1996,"2B ","M",12,"length",86.8823529411765,7.66389549234898,17,1.85876768345
"584",1996,"2B ","M",13,"length",91.4285714285714,10.0971471689968,7,3.8163629086265
"585",1996,"2B ","M",14,"length",92,6.13188388670236,6,2.50333111406915
"586",1996,"2B ","M",15,"length",94.2,4.86826457785523,5,2.17715410570772
"587",1996,"2B ","M",16,"length",91,1.4142135623731,2,1
"588",1996,"2B ","M",17,"length",96.8333333333333,8.42417157153549,6,3.43915364265364
"589",1996,"2B ","M",18,"length",103.5,17.6776695296637,2,12.5
"590",1996,"2C ","F",12,"length",113.666666666667,19.0212913286539,15,4.91127630261574
"591",1996,"2C ","F",13,"length",117.565217391304,15.2846509073542,23,3.1870700280139
"592",1996,"2C ","F",14,"length",122.923076923077,18.7236995029541,13,5.19301989417543
"593",1996,"2C ","F",15,"length",125.636363636364,13.0634813680942,11,3.93878783216066
"594",1996,"2C ","F",16,"length",138.2,17.1522593263978,5,7.67072356430604
"595",1996,"2C ","F",17,"length",140.333333333333,18.7047231112002,6,7.63617123374739
"596",1996,"2C ","F",18,"length",162.666666666667,31.4695620136877,3,18.1689600998822
"597",1996,"2C ","M",12,"length",101,NA,1,NA
"598",1996,"2C ","M",13,"length",92.8333333333333,7.65288616579828,6,3.12427769430169
"599",1996,"2C ","M",14,"length",94.5,10.7968249301092,8,3.81725406168211
"600",1996,"2C ","M",15,"length",109.5,28.5482048472404,4,14.2741024236202
"601",1996,"2C ","M",16,"length",100.666666666667,3.05505046330389,3,1.76383420737639
"602",1996,"2C ","M",17,"length",107.5,4.94974746830583,2,3.5
"603",1996,"2C ","M",18,"length",98.75,4.99165971062398,4,2.49582985531199
"604",1996,"3A ","F",12,"length",105.1,16.0952980926001,30,2.93858594502898
"605",1996,"3A ","F",13,"length",112.04347826087,21.1369522634684,23,4.40735921616948
"606",1996,"3A ","F",14,"length",112.214285714286,19.1434296684502,28,3.61776815311249
"607",1996,"3A ","F",15,"length",124.608695652174,20.9734445309794,23,4.37326549713574
"608",1996,"3A ","F",16,"length",139.3,29.7696713675736,10,9.41399667162323
"609",1996,"3A ","F",17,"length",131.727272727273,24.1374849936397,11,7.2777255551579
"610",1996,"3A ","F",18,"length",135,16.0934769394311,3,9.29157324317757
"611",1996,"3A ","M",12,"length",81.45,8.43847703894738,20,1.88690082856575
"612",1996,"3A ","M",13,"length",79.6666666666667,7.56151245375125,18,1.78226557735801
"613",1996,"3A ","M",14,"length",84.4545454545455,6.03926545804432,11,1.82090704851699
"614",1996,"3A ","M",15,"length",91.4545454545455,12.2013412079463,11,3.67884279325995
"615",1996,"3A ","M",16,"length",87.2,6.57267069006199,5,2.93938769133981
"616",1996,"3A ","M",17,"length",95.7142857142857,7.63138881450128,7,2.88439385160149
"617",1996,"3A ","M",18,"length",94.3333333333333,9.45163125250522,3,5.45690184791497
"618",1996,"3B ","F",12,"length",103.571428571429,12.8824559753826,28,2.43455534190004
"619",1996,"3B ","F",13,"length",104.833333333333,15.008078632604,12,4.33245911927649
"620",1996,"3B ","F",14,"length",115.111111111111,13.7608543016453,9,4.58695143388178
"621",1996,"3B ","F",15,"length",119.181818181818,20.1733397424332,11,6.08249079036508
"622",1996,"3B ","F",16,"length",124.2,16.2542302186231,5,7.2691127381545
"623",1996,"3B ","F",17,"length",122.4,24.1516045015647,5,10.8009258862377
"624",1996,"3B ","F",18,"length",124.666666666667,10.2632028788938,3,5.92546294487706
"625",1996,"3B ","M",12,"length",83.5789473684211,10.6631024747005,19,2.44628347957043
"626",1996,"3B ","M",13,"length",87.3529411764706,9.40705304858134,17,2.28154549088762
"627",1996,"3B ","M",14,"length",87.9166666666667,7.46456274470896,12,2.15483365502029
"628",1996,"3B ","M",15,"length",99.9090909090909,11.4320124689798,11,3.44688145075185
"629",1996,"3B ","M",16,"length",99.25,10.3751075725921,8,3.66815446005987
"630",1996,"3B ","M",17,"length",106.357142857143,11.0426247079017,14,2.95126559340662
"631",1996,"3B ","M",18,"length",107.666666666667,16.2931478440069,6,6.65164975359079
"632",1997,"2A ","F",12,"length",104.5,13.4350288425444,2,9.5
"633",1997,"2A ","F",13,"length",124,7.54983443527075,3,4.35889894354067
"634",1997,"2A ","F",14,"length",133.5,3.53553390593274,2,2.5
"635",1997,"2A ","F",15,"length",110.5,6.36396103067893,2,4.5
"636",1997,"2A ","F",16,"length",122,NA,1,NA
"637",1997,"2A ","M",12,"length",92.3333333333333,3.21455025366432,3,1.85592145427667
"638",1997,"2A ","M",13,"length",84.75,6.80073525436772,4,3.40036762718386
"639",1997,"2A ","M",14,"length",103.333333333333,1.15470053837925,3,0.666666666666667
"640",1997,"2A ","M",15,"length",98,NA,1,NA
"641",1997,"2A ","M",16,"length",105,NA,1,NA
"642",1997,"2A ","M",17,"length",107,NA,1,NA
"643",1997,"2B ","F",12,"length",98.5555555555556,12.1666666666667,9,4.05555555555556
"644",1997,"2B ","F",13,"length",106.388888888889,31.4289841667152,18,7.40788261002965
"645",1997,"2B ","F",14,"length",126.181818181818,21.5954540670864,11,6.51127439253454
"646",1997,"2B ","F",15,"length",127.428571428571,16.5816881213096,7,6.26728901237416
"647",1997,"2B ","F",16,"length",132.428571428571,10.4060422008425,7,3.9331142565532
"648",1997,"2B ","F",17,"length",134,18.3847763108502,2,13
"649",1997,"2B ","F",18,"length",136.333333333333,12.7410099024109,3,7.35602549690464
"650",1997,"2B ","M",12,"length",93.125,6.99872437356572,8,2.47442273210195
"651",1997,"2B ","M",13,"length",85.2857142857143,8.13867896148357,7,3.07613150466842
"652",1997,"2B ","M",14,"length",91.5833333333333,7.63316130545867,12,2.2035038672372
"653",1997,"2B ","M",15,"length",97.6,6.58027355054484,5,2.94278779391243
"654",1997,"2B ","M",16,"length",98,3.93700393700591,5,1.7606816861659
"655",1997,"2B ","M",17,"length",99.5,7.77817459305202,2,5.5
"656",1997,"2B ","M",18,"length",97.5,3.87298334620742,4,1.93649167310371
"657",1997,"2C ","F",12,"length",116,15.7035027939629,11,4.73478424198842
"658",1997,"2C ","F",13,"length",115.75,17.585505395069,20,3.93223854820635
"659",1997,"2C ","F",14,"length",123,16.2634559672906,13,4.51067110817823
"660",1997,"2C ","F",15,"length",127.4,12.4619420637395,5,5.57314991723711
"661",1997,"2C ","F",16,"length",137,1.4142135623731,2,1
"662",1997,"2C ","F",17,"length",127.5,17.4109981661838,8,6.15571743526757
"663",1997,"2C ","F",18,"length",154,NA,1,NA
"664",1997,"2C ","M",12,"length",91.3,14.1660784191595,10,4.47970733171016
"665",1997,"2C ","M",13,"length",89.1538461538462,9.20910920272381,13,2.55414734090523
"666",1997,"2C ","M",14,"length",94.6363636363636,12.831778733073,11,3.8689268591332
"667",1997,"2C ","M",15,"length",93.6,15.4854770672395,5,6.92531587727231
"668",1997,"2C ","M",16,"length",103,10.1559271926721,8,3.59066249358766
"669",1997,"2C ","M",17,"length",113.5,17.6776695296637,2,12.5
"670",1997,"2C ","M",18,"length",107,NA,1,NA
"671",1997,"3A ","F",12,"length",111.454545454545,22.9175068716499,22,4.88602888212039
"672",1997,"3A ","F",13,"length",106.526315789474,11.7348882542264,19,2.69216800073239
"673",1997,"3A ","F",14,"length",112.576923076923,15.9854260548115,26,3.13499997640686
"674",1997,"3A ","F",15,"length",129.5,16.8692450504292,8,5.96417878432803
"675",1997,"3A ","F",16,"length",128.833333333333,13.9487155920058,6,5.69453929460301
"676",1997,"3A ","F",17,"length",139.75,10.6262254195301,4,5.31311270976503
"677",1997,"3A ","F",18,"length",134.5,2.12132034355964,2,1.5
"678",1997,"3A ","M",12,"length",78.5,6.59889797962164,12,1.90493776244472
"679",1997,"3A ","M",13,"length",79.5454545454545,5.90531347793894,11,1.78051900688656
"680",1997,"3A ","M",14,"length",80.1538461538462,4.25922829172441,13,1.18129738459379
"681",1997,"3A ","M",15,"length",90.6428571428571,7.44835699856163,14,1.99065714164268
"682",1997,"3A ","M",16,"length",90,8.34950811211569,8,2.95199690282455
"683",1997,"3A ","M",17,"length",94,5.56776436283002,3,3.21455025366432
"684",1997,"3B ","F",12,"length",99.7058823529412,11.3730201896987,17,2.75836256025941
"685",1997,"3B ","F",13,"length",103.888888888889,11.0447692644335,18,2.6032770811739
"686",1997,"3B ","F",14,"length",96.8,10.3258037082942,10,3.26530583900226
"687",1997,"3B ","F",15,"length",111.25,11.5866302262565,4,5.79331511312823
"688",1997,"3B ","F",16,"length",117,17.4519749189434,8,6.1702049051412
"689",1997,"3B ","F",17,"length",128.076923076923,19.3798070959678,13,5.37499139947021
"690",1997,"3B ","F",18,"length",121.333333333333,4.04145188432738,3,2.33333333333333
"691",1997,"3B ","M",12,"length",88.3888888888889,9.1210092894107,18,2.1498425066026
"692",1997,"3B ","M",13,"length",88.9,9.29572623928811,20,2.07858757712767
"693",1997,"3B ","M",14,"length",87.8421052631579,9.84470053658164,19,2.25852919833579
"694",1997,"3B ","M",15,"length",86.3846153846154,8.85568048898993,13,2.45612385247532
"695",1997,"3B ","M",16,"length",97,15.7389416961334,8,5.56455620101781
"696",1997,"3B ","M",17,"length",100.636363636364,11.333778957371,11,3.41726293258409
"697",1997,"4A ","F",12,"length",99.9166666666667,8.61772310504065,12,2.48772237724844
"698",1997,"4A ","F",13,"length",105.2,19.3551600929112,10,6.12063903707956
"699",1997,"4A ","F",14,"length",120.285714285714,9.26848217912523,7,3.50315698242848
"700",1997,"4A ","F",15,"length",107,NA,1,NA
"701",1997,"4A ","F",16,"length",127,11.3137084989848,2,8
"702",1997,"4A ","F",17,"length",125,9.53939201416946,7,3.60555127546399
"703",1997,"4A ","F",18,"length",131.2,21.6032404976661,5,9.66126285741155
"704",1997,"4A ","M",12,"length",86.2857142857143,3.54562104171167,7,1.34011878852098
"705",1997,"4A ","M",13,"length",91.8,7.8993670632526,10,2.49799919935936
"706",1997,"4A ","M",14,"length",90.3333333333333,5.12510162500869,6,2.09231397686336
"707",1997,"4A ","M",15,"length",95,4.94974746830583,5,2.21359436211787
"708",1997,"4A ","M",16,"length",94,7.28010988928052,7,2.75162289775117
"709",1997,"4A ","M",17,"length",95.1111111111111,4.45658065237365,9,1.48552688412455
"710",1997,"4A ","M",18,"length",99.6,9.6591925128346,5,4.31972221329104
"711",1997,"4B ","F",12,"length",104.714285714286,9.01321780709283,7,3.40667611857522
"712",1997,"4B ","F",13,"length",114.4,15.049547796824,10,4.75908487935327
"713",1997,"4B ","F",14,"length",125.333333333333,11.9777571634537,6,4.88989888557127
"714",1997,"4B ","F",15,"length",130.333333333333,10.8012344973464,6,4.40958551844098
"715",1997,"4B ","F",16,"length",125.909090909091,12.0453687818559,11,3.6318153373524
"716",1997,"4B ","F",17,"length",133.285714285714,14.0441480780464,7,5.30818902718237
"717",1997,"4B ","F",18,"length",128,13.3666251038423,4,6.68331255192114
"718",1997,"4B ","M",12,"length",93.7142857142857,10.3658356851027,14,2.77038611866069
"719",1997,"4B ","M",13,"length",93.8461538461538,5.78570298013638,13,1.60466528919127
"720",1997,"4B ","M",14,"length",96.9333333333333,6.18138526622664,15,1.59602681283918
"721",1997,"4B ","M",15,"length",97.5714285714286,6.6044717895565,7,2.49625569944403
"722",1997,"4B ","M",16,"length",104.909090909091,5.46725791333362,11,1.64844028460264
"723",1997,"4B ","M",17,"length",102.466666666667,7.62389726608442,15,1.96848180964941
"724",1997,"4B ","M",18,"length",106,12.5299640861417,7,4.73588127264308
"725",1997,"4C ","F",12,"length",115.333333333333,24.5831920899897,3,14.1931125706958
"726",1997,"4C ","F",13,"length",133,NA,1,NA
"727",1997,"4C ","F",14,"length",124,NA,1,NA
"728",1997,"4C ","F",16,"length",142,2.82842712474619,2,2
"729",1997,"4C ","F",17,"length",115.666666666667,33.9754813554324,3,19.615753306406
"730",1997,"4C ","F",18,"length",141,NA,1,NA
"731",1997,"4C ","M",13,"length",86.5,10.6066017177982,2,7.5
"732",1997,"4C ","M",17,"length",99.5,2.12132034355964,2,1.5
"733",1997,"4C ","M",18,"length",105,NA,1,NA
"734",1997,"4D ","F",12,"length",92.5,9.15969431804359,6,3.73942954651286
"735",1997,"4D ","F",13,"length",92.3333333333333,11.1504857891185,3,6.43773597194266
"736",1997,"4D ","F",14,"length",101.75,10.2102889283311,4,5.10514446416553
"737",1997,"4D ","F",15,"length",115,15.2534149181967,4,7.62670745909837
"738",1997,"4D ","F",16,"length",124,2.82842712474619,2,2
"739",1997,"4D ","F",18,"length",127,7,3,4.04145188432738
"740",1997,"4D ","M",12,"length",86.8333333333333,13.4672442120378,6,5.4979794268238
"741",1997,"4D ","M",13,"length",74,NA,1,NA
"742",1997,"4D ","M",14,"length",82.3333333333333,3.05505046330389,3,1.76383420737639
"743",1997,"4D ","M",15,"length",89.5,2.12132034355964,2,1.5
"744",1997,"4D ","M",16,"length",95.6,5.7706152185014,5,2.58069758011279
"745",1997,"4D ","M",17,"length",109,17.5783958312469,3,10.1488915650922
"746",1997,"CLS","M",17,"length",108,NA,1,NA
"747",1998,"2B ","F",12,"length",86.5,6.36396103067893,2,4.5
"748",1998,"2B ","F",13,"length",114,21.5539191000483,8,7.62046117839521
"749",1998,"2B ","F",14,"length",111.8,17.1668284782018,5,7.67723908706769
"750",1998,"2B ","F",15,"length",127,9.62635271879577,4,4.81317635939788
"751",1998,"2B ","F",16,"length",118,NA,1,NA
"752",1998,"2B ","F",17,"length",171,NA,1,NA
"753",1998,"2B ","M",12,"length",86.6666666666667,5.42832079621927,6,2.21610268514595
"754",1998,"2B ","M",13,"length",92.2,17.2249818577553,5,7.7032460690283
"755",1998,"2B ","M",14,"length",86,NA,1,NA
"756",1998,"2B ","M",16,"length",101,NA,1,NA
"757",1998,"2B ","M",17,"length",88,NA,1,NA
"758",1998,"2C ","F",12,"length",110.727272727273,19.1733716862262,11,5.78098907720329
"759",1998,"2C ","F",13,"length",107.5,2.12132034355964,2,1.5
"760",1998,"2C ","F",14,"length",120.142857142857,17.5634902703361,7,6.63837534423027
"761",1998,"2C ","F",15,"length",120,11.5758369027902,8,4.09267638593622
"762",1998,"2C ","F",16,"length",133.25,8.73212459828649,4,4.36606229914324
"763",1998,"2C ","F",17,"length",139,5.56776436283002,3,3.21455025366432
"764",1998,"2C ","M",12,"length",86.5,7.14142842854285,4,3.57071421427143
"765",1998,"2C ","M",13,"length",88.75,9.5,4,4.75
"766",1998,"2C ","M",14,"length",84.6666666666667,6.02771377334171,3,3.48010216963685
"767",1998,"2C ","M",15,"length",107,16.9705627484771,2,12
"768",1998,"2C ","M",16,"length",120,21.0713075057055,3,12.1655250605964
"769",1998,"2C ","M",18,"length",93,NA,1,NA
"770",1998,"3A ","F",12,"length",103.2,19.3597520645281,20,4.32897216438267
"771",1998,"3A ","F",13,"length",102.681818181818,12.6768869681584,22,2.70272138277046
"772",1998,"3A ","F",14,"length",113.428571428571,18.9684526992108,14,5.06953222554816
"773",1998,"3A ","F",15,"length",126.125,17.5494539326252,16,4.3873634831563
"774",1998,"3A ","F",16,"length",111.6,10.1636607578175,5,4.5453272709454
"775",1998,"3A ","F",17,"length",131,11.3431330181157,4,5.67156650905785
"776",1998,"3A ","M",12,"length",79.1,8.71078514129339,10,2.75459212548388
"777",1998,"3A ","M",13,"length",83.5454545454545,5.64559361561982,11,1.70221052198517
"778",1998,"3A ","M",14,"length",86.0909090909091,6.90586048881014,11,2.0821952814476
"779",1998,"3A ","M",15,"length",88.7777777777778,6.28048122713892,9,2.09349374237964
"780",1998,"3A ","M",16,"length",97.3333333333333,10.2143689640297,3,5.89726867098471
"781",1998,"3A ","M",17,"length",100,14.142135623731,2,10
"782",1998,"3A ","M",18,"length",106.333333333333,10.6926766215636,3,6.17341972581738
"783",1998,"3B ","F",12,"length",100.733333333333,20.0159460240603,15,5.16809504065147
"784",1998,"3B ","F",13,"length",107.65,16.4964908549157,20,3.6887274941795
"785",1998,"3B ","F",14,"length",118.333333333333,16.2510072947875,15,4.19599204078716
"786",1998,"3B ","F",15,"length",118.125,11.861552536301,8,4.19369211690946
"787",1998,"3B ","F",16,"length",142.5,37.476659402887,2,26.5
"788",1998,"3B ","F",17,"length",124.333333333333,15.6311654502578,3,9.02465758045392
"789",1998,"3B ","F",18,"length",142.666666666667,29.0918086982115,3,16.7961635831255
"790",1998,"3B ","M",12,"length",83.1538461538462,11.0290990403127,13,3.05892170092446
"791",1998,"3B ","M",13,"length",87.8823529411765,11.2187474397834,17,2.72094592243263
"792",1998,"3B ","M",14,"length",91,16.2704416881433,12,4.69687194424183
"793",1998,"3B ","M",15,"length",87.2857142857143,10.3732538580908,14,2.77236870878619
"794",1998,"3B ","M",16,"length",92.3636363636364,9.70847801947069,11,2.92721626145427
"795",1998,"3B ","M",17,"length",95.5,7.85281265959316,4,3.92640632979658
"796",1998,"3B ","M",18,"length",102.142857142857,16.9059020406935,7,6.38983035555633
"797",1998,"4A ","F",12,"length",104,17.4814187067297,21,3.81475830851457
"798",1998,"4A ","F",13,"length",111.75,23.9329420315538,8,8.46157280212812
"799",1998,"4A ","F",14,"length",125.777777777778,16.4223763336627,9,5.47412544455423
"800",1998,"4A ","F",15,"length",115,13.2035348802256,7,4.99046710286341
"801",1998,"4A ","F",16,"length",140.333333333333,19.4593593591019,6,7.94425019187532
"802",1998,"4A ","F",17,"length",142,NA,1,NA
"803",1998,"4A ","F",18,"length",135.166666666667,32.0400790677343,6,13.0803075057295
"804",1998,"4A ","M",12,"length",89.125,10.6695494616355,8,3.77225538826386
"805",1998,"4A ","M",13,"length",86.8181818181818,9.44264985920988,11,2.8470660554274
"806",1998,"4A ","M",14,"length",89,9.65228815704684,13,2.67706306736817
"807",1998,"4A ","M",15,"length",94.8333333333333,14.7082743152735,12,4.245913067619
"808",1998,"4A ","M",16,"length",99.9,12.7927931100114,10,4.04543638629451
"809",1998,"4A ","M",17,"length",104.5,23.3345237791561,2,16.5
"810",1998,"4A ","M",18,"length",103.5,19.0918830920368,2,13.5
"811",1998,"4B ","F",12,"length",100.166666666667,6.91134333300457,6,2.82154410050793
"812",1998,"4B ","F",13,"length",126,NA,1,NA
"813",1998,"4B ","F",14,"length",132,NA,1,NA
"814",1998,"4B ","F",15,"length",136,2.82842712474619,2,2
"815",1998,"4B ","F",16,"length",136,11.7898261225516,3,6.80685928555405
"816",1998,"4B ","F",17,"length",143,31.1126983722081,2,22
"817",1998,"4B ","F",18,"length",149.5,45.9619407771256,2,32.5
"818",1998,"4B ","M",12,"length",90,4.14728827066554,6,1.69312334656004
"819",1998,"4B ","M",13,"length",90.6666666666667,2.3094010767585,3,1.33333333333333
"820",1998,"4B ","M",14,"length",89,NA,1,NA
"821",1998,"4B ","M",15,"length",92.2,8.84307638777366,5,3.95474398665704
"822",1998,"4B ","M",16,"length",101,3.60555127546399,5,1.61245154965971
"823",1998,"4B ","M",17,"length",100,NA,1,NA
"824",1998,"4B ","M",18,"length",101.4,10.2127371453494,5,4.56727489866769
"825",1999,"2A ","F",12,"length",107.428571428571,11.5090026873375,21,2.51147028515117
"826",1999,"2A ","F",13,"length",107.285714285714,9.46421832860108,7,3.57713829301398
"827",1999,"2A ","F",14,"length",126.666666666667,1.15470053837925,3,0.666666666666667
"828",1999,"2A ","F",15,"length",127.5,13.4350288425444,2,9.5
"829",1999,"2A ","F",16,"length",95,NA,1,NA
"830",1999,"2A ","M",12,"length",86,4.47213595499958,6,1.82574185835055
"831",1999,"2A ","M",13,"length",94.3333333333333,8.50490054811538,3,4.91030662088541
"832",1999,"2A ","M",14,"length",96,2.82842712474619,2,2
"833",1999,"2A ","M",15,"length",93,1.82574185835055,4,0.912870929175277
"834",1999,"2B ","F",12,"length",100.214285714286,13.7473422154763,28,2.59800347787501
"835",1999,"2B ","F",13,"length",105.625,12.9762603755217,16,3.24406509388041
"836",1999,"2B ","F",14,"length",110.25,19.1665631467184,8,6.77640338654237
"837",1999,"2B ","F",15,"length",114.1,17.7103234175877,10,5.60049600977945
"838",1999,"2B ","F",16,"length",126.333333333333,8.14452781524708,3,4.70224532655529
"839",1999,"2B ","F",17,"length",125.333333333333,18.5022521151706,3,10.682280239308
"840",1999,"2B ","F",18,"length",139.666666666667,19.3476958145753,3,11.170397386744
"841",1999,"2B ","M",12,"length",80.44,5.33135379930214,25,1.06627075986043
"842",1999,"2B ","M",13,"length",86.6666666666667,8.06639117986889,6,3.29309040939426
"843",1999,"2B ","M",14,"length",87.7777777777778,13.1982742979696,9,4.39942476598986
"844",1999,"2B ","M",15,"length",88,8.14160391358572,8,2.8784916685157
"845",1999,"2B ","M",16,"length",93.5,6.75771164423776,4,3.37885582211888
"846",1999,"2B ","M",17,"length",92.5,0.707106781186548,2,0.5
"847",1999,"2B ","M",18,"length",94,NA,1,NA
"848",1999,"2C ","F",12,"length",105.72,16.463393736813,25,3.2926787473626
"849",1999,"2C ","F",13,"length",109.636363636364,20.4659362222828,11,6.17071194842323
"850",1999,"2C ","F",14,"length",124.2,11.6409239801277,10,3.68118338460761
"851",1999,"2C ","F",15,"length",131.571428571429,10.9370493104424,7,4.13381607889728
"852",1999,"2C ","F",16,"length",135.375,14.9660329699337,8,5.29129170025079
"853",1999,"2C ","F",17,"length",145.5,16.2634559672906,2,11.5
"854",1999,"2C ","F",18,"length",144.333333333333,10.0166528008778,3,5.78311719096582
"855",1999,"2C ","M",12,"length",86.1764705882353,9.6968763921536,17,2.35183797667104
"856",1999,"2C ","M",13,"length",89.8,14.7885090526395,5,6.61362230551458
"857",1999,"2C ","M",14,"length",87.5,4.04145188432738,4,2.02072594216369
"858",1999,"2C ","M",15,"length",97.3333333333333,6.34560215162176,6,2.59058123036339
"859",1999,"2C ","M",16,"length",88,NA,1,NA
"860",1999,"2C ","M",17,"length",86,NA,1,NA
"861",1999,"2C ","M",18,"length",114,NA,1,NA
"862",1999,"3A ","F",12,"length",100,13.2393353307483,26,2.59644727686477
"863",1999,"3A ","F",13,"length",115.782608695652,17.1197826073154,23,3.56972143914887
"864",1999,"3A ","F",14,"length",119.227272727273,22.3669224700051,22,4.7686438932755
"865",1999,"3A ","F",15,"length",105.625,17.9279311211783,8,6.33848083421527
"866",1999,"3A ","F",16,"length",117.2,11.2116011345392,5,5.01398045468867
"867",1999,"3A ","F",17,"length",118.75,30.7394968512282,4,15.3697484256141
"868",1999,"3A ","F",18,"length",100,18.3847763108502,2,13
"869",1999,"3A ","M",12,"length",79.7333333333333,5.58654847016687,15,1.44244061251579
"870",1999,"3A ","M",13,"length",81.4444444444444,4.69337594677624,9,1.56445864892541
"871",1999,"3A ","M",14,"length",92.8888888888889,9.15757124521077,9,3.05252374840359
"872",1999,"3A ","M",15,"length",89.6,8.23542483556387,10,2.60426999794995
"873",1999,"3A ","M",16,"length",93.625,7.52021086330506,8,2.65879604869787
"874",1999,"3A ","M",17,"length",87,5.29150262212918,3,3.05505046330389
"875",1999,"3B ","F",12,"length",103.703703703704,17.7889654968268,27,3.42348800606597
"876",1999,"3B ","F",13,"length",104.076923076923,12.2981132595041,13,3.4108829191235
"877",1999,"3B ","F",14,"length",110.5,6.4730209330729,6,2.64259973006381
"878",1999,"3B ","F",15,"length",111.916666666667,15.3057228354348,12,4.41838159959005
"879",1999,"3B ","F",16,"length",127.666666666667,18.370265830049,6,7.49962962048423
"880",1999,"3B ","F",17,"length",111.333333333333,16.5025250593154,3,9.5277372853043
"881",1999,"3B ","F",18,"length",129.333333333333,9.71253485622231,3,5.60753461375357
"882",1999,"3B ","M",12,"length",81.4375,8.06000680380726,32,1.42482136684546
"883",1999,"3B ","M",13,"length",85.5333333333333,10.6090706922134,15,2.73925027397864
"884",1999,"3B ","M",14,"length",88.8125,9.58623144584635,16,2.39655786146159
"885",1999,"3B ","M",15,"length",88.6923076923077,10.5860333725198,13,2.93603739449177
"886",1999,"3B ","M",16,"length",96,9.31274786125302,12,2.68835874229477
"887",1999,"3B ","M",17,"length",101.333333333333,17.0372141697716,6,6.95541355907596
"888",1999,"3B ","M",18,"length",106,12.1655250605964,3,7.02376916856849
"889",1999,"4A ","F",12,"length",98.225,17.7337683096836,40,2.80395496781572
"890",1999,"4A ","F",13,"length",113.181818181818,16.1791111116661,11,4.87818554535147
"891",1999,"4A ","F",14,"length",121.75,7.8049129826454,4,3.9024564913227
"892",1999,"4A ","F",15,"length",119.333333333333,8.9628864398325,3,5.17472489875334
"893",1999,"4A ","F",16,"length",140.25,23.4004985701872,4,11.7002492850936
"894",1999,"4A ","F",17,"length",136,25.3673017879316,5,11.3446022407134
"895",1999,"4A ","F",18,"length",139,29.698484809835,2,21
"896",1999,"4A ","M",12,"length",83.5172413793103,9.90173393781965,29,1.83870583212261
"897",1999,"4A ","M",13,"length",78,13.5646599662505,6,5.53774924194538
"898",1999,"4A ","M",14,"length",93.1666666666667,7.25028735062733,6,2.95991741626538
"899",1999,"4A ","M",15,"length",91.5,9.33273807625608,6,3.81007436497855
"900",1999,"4A ","M",16,"length",103.166666666667,8.20771994324043,6,3.35078763543406
"901",1999,"4A ","M",17,"length",89.4,8.26438140455775,5,3.69594372251527
"902",1999,"4A ","M",18,"length",100,7.93725393319377,3,4.58257569495584
"903",1999,"4B ","F",12,"length",106.761904761905,14.8657484234894,21,3.24397225775288
"904",1999,"4B ","F",13,"length",108.875,18.450222608026,8,6.52313876026827
"905",1999,"4B ","F",14,"length",126.833333333333,14.3306198981993,6,5.8504510747273
"906",1999,"4B ","F",15,"length",116.8,17.8101094887145,5,7.96492310069595
"907",1999,"4B ","F",16,"length",125,15.4434452114805,5,6.9065186599328
"908",1999,"4B ","F",17,"length",135.666666666667,4.61880215351701,3,2.66666666666667
"909",1999,"4B ","F",18,"length",131.5,10.8397416943394,6,4.42530601578392
"910",1999,"4B ","M",12,"length",87.625,8.41758690069602,40,1.33093735042985
"911",1999,"4B ","M",13,"length",90.4666666666667,6.78092562862567,15,1.75082746876922
"912",1999,"4B ","M",14,"length",91.75,10.1447851956888,4,5.0723925978444
"913",1999,"4B ","M",15,"length",98.25,12.6575781930939,8,4.47512968686782
"914",1999,"4B ","M",16,"length",93.8888888888889,8.2529456020933,9,2.75098186736443
"915",1999,"4B ","M",17,"length",104.2,13.5351394525509,5,6.05309838016862
"916",1999,"4B ","M",18,"length",102,6.557438524302,3,3.78593889720018
"917",2000,"2B ","F",12,"length",104.607142857143,20.2106302900126,28,3.81945011337448
"918",2000,"2B ","F",13,"length",110.72,15.8259280928481,25,3.16518561856963
"919",2000,"2B ","F",14,"length",116.6,12.5273035140581,10,3.96148120446549
"920",2000,"2B ","F",15,"length",131.2,17.683325479106,5,7.90822356790702
"921",2000,"2B ","F",16,"length",132.4,12.5817327900413,5,5.62672195865408
"922",2000,"2B ","F",17,"length",123.4,20.586403279835,5,9.20651942918712
"923",2000,"2B ","F",18,"length",131,NA,1,NA
"924",2000,"2B ","M",12,"length",79.9523809523809,5.78339165608028,21,1.26203952559828
"925",2000,"2B ","M",13,"length",86.52,8.97273648337005,25,1.79454729667401
"926",2000,"2B ","M",14,"length",80.2,4.32434966208793,5,1.93390796058137
"927",2000,"2B ","M",15,"length",90.8333333333333,13.9916641850306,6,5.71207298428318
"928",2000,"2B ","M",16,"length",96.3333333333333,10.2632028788938,3,5.92546294487706
"929",2000,"2B ","M",17,"length",89,6.08276253029822,3,3.51188458428425
"930",2000,"2B ","M",18,"length",98,17.1658575861116,4,8.58292879305582
"931",2000,"2C ","F",12,"length",106.222222222222,18.7602963182546,27,3.61042070980715
"932",2000,"2C ","F",13,"length",111.535714285714,17.5298309616771,28,3.31282666068556
"933",2000,"2C ","F",14,"length",124.444444444444,16.5990294227638,9,5.53300980758793
"934",2000,"2C ","F",15,"length",121.818181818182,16.8036792507961,11,5.06649992476101
"935",2000,"2C ","F",16,"length",127,19.5192212959431,3,11.2694276695846
"936",2000,"2C ","F",17,"length",139.166666666667,17.9378556875304,6,7.32309891902177
"937",2000,"2C ","F",18,"length",124.5,23.3345237791561,2,16.5
"938",2000,"2C ","M",12,"length",83.5,6.431456783936,12,1.85660165274345
"939",2000,"2C ","M",13,"length",87.5,8.81665091365952,16,2.20416272841488
"940",2000,"2C ","M",14,"length",98.2,14.7715943621533,5,6.6060578259655
"941",2000,"2C ","M",15,"length",90,14.560219778561,6,5.94418483337567
"942",2000,"2C ","M",16,"length",101,9.89949493661167,2,7
"943",2000,"2C ","M",17,"length",83,NA,1,NA
"944",2000,"2C ","M",18,"length",96,NA,1,NA
"945",2000,"3A ","F",12,"length",97.3636363636364,17.0602208767541,33,2.96980326031181
"946",2000,"3A ","F",13,"length",102.363636363636,14.8560392685404,44,2.23963218747884
"947",2000,"3A ","F",14,"length",127.3125,23.711372095825,16,5.92784302395624
"948",2000,"3A ","F",15,"length",124.923076923077,26.9890766127753,13,7.48542304652211
"949",2000,"3A ","F",16,"length",121.222222222222,12.4577062272492,9,4.15256874241641
"950",2000,"3A ","F",17,"length",121.9,18.4839269516939,10,5.84513092715258
"951",2000,"3A ","F",18,"length",108,NA,1,NA
"952",2000,"3A ","M",12,"length",84.0625,7.15046618526839,16,1.7876165463171
"953",2000,"3A ","M",13,"length",83.0526315789474,4.1829506360214,19,0.959634689907182
"954",2000,"3A ","M",14,"length",80.2222222222222,5.14241620684717,9,1.71413873561572
"955",2000,"3A ","M",15,"length",92.8571428571429,9.02641625874801,7,3.41166466439961
"956",2000,"3A ","M",16,"length",92.2222222222222,8.15134617375832,9,2.71711539125277
"957",2000,"3A ","M",17,"length",86.8571428571429,9.38844274322729,7,3.54849781382121
"958",2000,"3A ","M",18,"length",102,NA,1,NA
"959",2000,"3B ","F",12,"length",96.6875,19.1719195700378,16,4.79297989250946
"960",2000,"3B ","F",13,"length",103.533333333333,18.4441997860337,30,3.36743475931421
"961",2000,"3B ","F",14,"length",112.5,21.879213879845,6,8.93215166313993
"962",2000,"3B ","F",15,"length",101.5,13.7961347243833,4,6.89806736219163
"963",2000,"3B ","F",16,"length",116.714285714286,12.2435600176077,7,4.62763070981194
"964",2000,"3B ","F",17,"length",123,2.82842712474619,2,2
"965",2000,"3B ","F",18,"length",130.5,4.94974746830583,2,3.5
"966",2000,"3B ","M",12,"length",85.6785714285714,9.57254396091226,28,1.80904076677193
"967",2000,"3B ","M",13,"length",86.6818181818182,8.06749128195473,22,1.71999492050539
"968",2000,"3B ","M",14,"length",86.4166666666667,8.061787906068,12,2.32723770885901
"969",2000,"3B ","M",15,"length",86.8461538461538,9.59032632262109,13,2.65987794651095
"970",2000,"3B ","M",16,"length",90.6153846153846,8.11930273626233,13,2.25188941050838
"971",2000,"3B ","M",17,"length",95.5,8.06225774829855,4,4.03112887414927
"972",2000,"3B ","M",18,"length",91.2,10.0349389634417,5,4.48776113446337
"973",2000,"4A ","F",12,"length",99.3703703703704,13.9646480804708,27,2.68749777613273
"974",2000,"4A ","F",13,"length",103.6,12.579677096892,30,2.29672430403295
"975",2000,"4A ","F",14,"length",113.083333333333,13.0764071610831,12,3.77483359724223
"976",2000,"4A ","F",15,"length",154.5,43.1335136523794,2,30.5
"977",2000,"4A ","F",16,"length",112,NA,1,NA
"978",2000,"4A ","F",17,"length",129.5,19.0918830920368,2,13.5
"979",2000,"4A ","F",18,"length",149.2,14.1315250415516,5,6.31981012372998
"980",2000,"4A ","M",12,"length",82.7,10.5410527511937,30,1.92452412389356
"981",2000,"4A ","M",13,"length",83.88,9.15295944854268,25,1.83059188970854
"982",2000,"4A ","M",14,"length",91.0714285714286,9.63538579096132,14,2.57516517279765
"983",2000,"4A ","M",15,"length",98.9230769230769,19.1331367809077,13,5.30657736338683
"984",2000,"4A ","M",16,"length",98,14.0142784330839,6,5.72130521239108
"985",2000,"4A ","M",17,"length",91.3333333333333,5.75036230742609,6,2.34757558155454
"986",2000,"4A ","M",18,"length",113.25,16.2967276878928,4,8.14836384394642
"987",2000,"4B ","F",12,"length",109,13.0602997121593,15,3.3721548854447
"988",2000,"4B ","F",13,"length",111.28,12.9567228366847,25,2.59134456733694
"989",2000,"4B ","F",14,"length",124,16.5803827129862,12,4.78634421130479
"990",2000,"4B ","F",15,"length",117.75,22.2916277258227,4,11.1458138629113
"991",2000,"4B ","F",16,"length",141.75,5.67890834580027,4,2.83945417290014
"992",2000,"4B ","F",17,"length",132,8.8090862182181,6,3.59629438913631
"993",2000,"4B ","F",18,"length",139,4.24264068711928,2,3
"994",2000,"4B ","M",12,"length",85,6.81276691979465,30,1.24383537366551
"995",2000,"4B ","M",13,"length",88.5,8.51360566866246,28,1.60892023998219
"996",2000,"4B ","M",14,"length",94.9,8.91253798495879,10,2.81839197652373
"997",2000,"4B ","M",15,"length",103,4,10,1.26491106406735
"998",2000,"4B ","M",16,"length",104.117647058824,10.2401315478683,17,2.4835967054165
"999",2000,"4B ","M",17,"length",107.75,12.3371206306231,12,3.56141995855756
"1000",2000,"4B ","M",18,"length",109.1,9.21894185299424,10,2.9152853872115
"1001",2000,"4D ","F",12,"length",95.6071428571429,10.5701861846817,28,1.99757742545132
"1002",2000,"4D ","F",13,"length",100.85,9.33850589268392,40,1.47654742818926
"1003",2000,"4D ","F",14,"length",105.52380952381,11.2009778484695,21,2.4442537546731
"1004",2000,"4D ","F",15,"length",110.428571428571,10.8961128263833,14,2.9121086459971
"1005",2000,"4D ","F",16,"length",116.4,10.7822605634043,15,2.78396770643558
"1006",2000,"4D ","F",17,"length",121.25,14.6360611406992,8,5.17462904122467
"1007",2000,"4D ","F",18,"length",123.6,15.3709683060849,10,4.86072696894885
"1008",2000,"4D ","M",12,"length",81.7142857142857,9.33503385868831,14,2.49489274236757
"1009",2000,"4D ","M",13,"length",85.3571428571429,9.80272444748941,14,2.6198883099613
"1010",2000,"4D ","M",14,"length",91,7.52772652709081,4,3.7638632635454
"1011",2000,"4D ","M",15,"length",92.1428571428571,11.5387545750335,7,4.36123929213536
"1012",2000,"4D ","M",16,"length",102.75,11.8708326020826,4,5.93541630104129
"1013",2000,"4D ","M",17,"length",100.75,15.7457477252931,8,5.56696249570369
"1014",2000,"4D ","M",18,"length",102.5,4.65474668125631,4,2.32737334062816
"1015",2001,"2A ","F",12,"length",101.5,9.09045453409034,12,2.62418818615656
"1016",2001,"2A ","F",13,"length",104.25,9.4339811320566,16,2.35849528301415
"1017",2001,"2A ","F",14,"length",104.1,4.88648931010575,10,1.5452435981999
"1018",2001,"2A ","F",15,"length",109.857142857143,12.9541315343609,7,4.89620149867693
"1019",2001,"2A ","F",16,"length",102,11.3137084989848,2,8
"1020",2001,"2A ","F",17,"length",131,1.4142135623731,2,1
"1021",2001,"2A ","F",18,"length",109,NA,1,NA
"1022",2001,"2A ","M",12,"length",85.8571428571429,6.25642526870234,7,2.36470647960669
"1023",2001,"2A ","M",13,"length",89.5714285714286,3.9940431835899,7,1.50960642706165
"1024",2001,"2A ","M",14,"length",91,6.6332495807108,6,2.70801280154532
"1025",2001,"2A ","M",15,"length",93.6666666666667,11.6561857683664,6,4.75861791326478
"1026",2001,"2A ","M",16,"length",98,9.53939201416946,3,5.5075705472861
"1027",2001,"2A ","M",18,"length",96,NA,1,NA
"1028",2001,"2B ","F",12,"length",101,17.0430826632586,31,3.06102800920186
"1029",2001,"2B ","F",13,"length",102.533333333333,17.5592265428068,30,3.20586148994624
"1030",2001,"2B ","F",14,"length",109.913043478261,15.0148806294358,23,3.13081903658372
"1031",2001,"2B ","F",15,"length",127.555555555556,24.2128362218988,18,5.70702022808798
"1032",2001,"2B ","F",16,"length",126,14.397420403868,15,3.71739796350184
"1033",2001,"2B ","F",17,"length",132.25,9.77667291737498,4,4.88833645868749
"1034",2001,"2B ","F",18,"length",127,28.2842712474619,2,20
"1035",2001,"2B ","M",12,"length",82.7272727272727,8.57005761041823,22,1.82714242175002
"1036",2001,"2B ","M",13,"length",84.3225806451613,7.59994340669365,31,1.36499013094561
"1037",2001,"2B ","M",14,"length",86.4347826086957,8.22869749417202,23,1.7158020364502
"1038",2001,"2B ","M",15,"length",95.9,10.0714116852273,10,3.18486001785531
"1039",2001,"2B ","M",16,"length",96,8.66025403784439,9,2.88675134594813
"1040",2001,"2B ","M",17,"length",92.6666666666667,3.21455025366432,3,1.85592145427667
"1041",2001,"2B ","M",18,"length",98.5,9.64883412646316,6,3.93912003709796
"1042",2001,"2C ","F",12,"length",103.8,20.9525780350722,20,4.68513887902904
"1043",2001,"2C ","F",13,"length",106.75,22.9274217186902,16,5.73185542967255
"1044",2001,"2C ","F",14,"length",125.833333333333,18.8478758549186,12,5.44091309924496
"1045",2001,"2C ","F",15,"length",122.866666666667,17.8280143380606,15,4.60317350848372
"1046",2001,"2C ","F",16,"length",115,17.5245859041266,10,5.54176065083211
"1047",2001,"2C ","F",17,"length",145.6,13.1643457870112,5,5.88727441181401
"1048",2001,"2C ","F",18,"length",141.25,16.8794747153656,4,8.4397373576828
"1049",2001,"2C ","M",12,"length",85.625,8.28730039434356,24,1.69163810927563
"1050",2001,"2C ","M",13,"length",93.6315789473684,9.84440352188767,19,2.2584610584918
"1051",2001,"2C ","M",14,"length",90.5454545454545,9.83544257956553,22,2.09692340363784
"1052",2001,"2C ","M",15,"length",88,8.24621125123532,4,4.12310562561766
"1053",2001,"2C ","M",16,"length",97.25,12.4733048280451,4,6.23665241402255
"1054",2001,"2C ","M",17,"length",99.2857142857143,11.6004926003782,7,4.38457407234937
"1055",2001,"2C ","M",18,"length",102.25,12.4197423483742,4,6.20987117418711
"1056",2001,"3A ","F",12,"length",95.05,14.5510896680048,20,3.25372256443536
"1057",2001,"3A ","F",13,"length",100.62962962963,15.7971471332598,27,3.04016238327189
"1058",2001,"3A ","F",14,"length",110.423076923077,17.3070461417842,26,3.39419099998493
"1059",2001,"3A ","F",15,"length",112.615384615385,22.0209690277943,13,6.1075179203936
"1060",2001,"3A ","F",16,"length",111.571428571429,20.4683262860543,7,7.73630015808942
"1061",2001,"3A ","F",17,"length",116.571428571429,17.87789270633,7,6.75720829526353
"1062",2001,"3A ","F",18,"length",108.333333333333,8.02080627701064,3,4.63081466314993
"1063",2001,"3A ","M",12,"length",77.625,4.99165971062398,16,1.24791492765599
"1064",2001,"3A ","M",13,"length",80.75,4.75059804847577,12,1.3713795310496
"1065",2001,"3A ","M",14,"length",84.6153846153846,7.76250025806185,13,2.15293020817265
"1066",2001,"3A ","M",15,"length",79,NA,1,NA
"1067",2001,"3A ","M",16,"length",85.9,8.53033801596787,10,2.69752973415803
"1068",2001,"3A ","M",17,"length",96.5,10.6614570611463,4,5.33072853057316
"1069",2001,"3A ","M",18,"length",89,7.61577310586391,4,3.80788655293195
"1070",2001,"3B ","F",12,"length",106.666666666667,13.4288247189891,3,7.75313556640867
"1071",2001,"3B ","F",13,"length",102.807692307692,19.6489576940238,26,3.85347764244564
"1072",2001,"3B ","F",14,"length",101.615384615385,10.4271834090589,26,2.04493891056163
"1073",2001,"3B ","F",15,"length",110.333333333333,16.8235945425861,21,3.6712093072689
"1074",2001,"3B ","F",16,"length",118.642857142857,23.1603346025289,14,6.18985978897918
"1075",2001,"3B ","F",17,"length",132.666666666667,6.42910050732864,3,3.71184290855335
"1076",2001,"3B ","F",18,"length",113,8.71779788708135,3,5.03322295684717
"1077",2001,"3B ","M",12,"length",83.5882352941177,8.70386999794784,17,2.11099855018726
"1078",2001,"3B ","M",13,"length",80.6086956521739,5.86777896989361,23,1.22351649372379
"1079",2001,"3B ","M",14,"length",85.6333333333333,8.31485307201489,30,1.51807752996123
"1080",2001,"3B ","M",15,"length",90.2222222222222,6.01618188259335,9,2.00539396086445
"1081",2001,"3B ","M",16,"length",94,6.34209919681348,10,2.00554786086551
"1082",2001,"3B ","M",17,"length",94.6875,8.00598734281621,16,2.00149683570405
"1083",2001,"3B ","M",18,"length",99.8,14.289856542317,5,6.39061812346818
"1084",2001,"4A ","F",12,"length",107.7,19.2645327537997,10,6.09198015609229
"1085",2001,"4A ","F",13,"length",104.521739130435,18.3720874382294,23,3.83084504718774
"1086",2001,"4A ","F",14,"length",100.588235294118,13.3231885425816,17,3.23134786065193
"1087",2001,"4A ","F",15,"length",108.428571428571,13.2647043296253,7,5.01358698157005
"1088",2001,"4A ","F",16,"length",120.5,7.93725393319377,4,3.96862696659689
"1089",2001,"4A ","F",17,"length",116,22.0090890315797,6,8.98517297180935
"1090",2001,"4A ","F",18,"length",113,NA,1,NA
"1091",2001,"4A ","M",12,"length",82.2727272727273,8.24148517696161,22,1.75709054356236
"1092",2001,"4A ","M",13,"length",84.5,7.18960890386092,22,1.53282976861982
"1093",2001,"4A ","M",14,"length",83.7586206896552,9.83672118868083,29,1.82663326768546
"1094",2001,"4A ","M",15,"length",87.2105263157895,9.94752312760664,19,2.28211831851426
"1095",2001,"4A ","M",16,"length",90,20.0374649095139,5,8.96102672688794
"1096",2001,"4A ","M",17,"length",93.7,8.31397752115209,10,2.62911053822813
"1097",2001,"4A ","M",18,"length",101,5.56776436283002,3,3.21455025366432
"1098",2001,"4B ","F",12,"length",107.333333333333,12.0554275466834,3,6.9602043392737
"1099",2001,"4B ","F",13,"length",112.333333333333,7.52772652709081,6,3.0731814857643
"1100",2001,"4B ","F",14,"length",119.3,11.5378603832003,10,3.6485918135936
"1101",2001,"4B ","F",15,"length",120,12.5099960031968,5,5.59464029227975
"1102",2001,"4B ","F",16,"length",175,NA,1,NA
"1103",2001,"4B ","F",17,"length",138,NA,1,NA
"1104",2001,"4B ","F",18,"length",141,16.9705627484771,2,12
"1105",2001,"4B ","M",12,"length",94.3571428571429,11.1673090406235,14,2.98458888301688
"1106",2001,"4B ","M",13,"length",90.1578947368421,11.1168698526895,19,2.55038485559829
"1107",2001,"4B ","M",14,"length",93.4,9.27588838134428,20,2.07415169723863
"1108",2001,"4B ","M",15,"length",95,10.3132747642849,12,2.97718598069324
"1109",2001,"4B ","M",16,"length",99,9.89949493661167,11,2.98481002897855
"1110",2001,"4B ","M",17,"length",106.888888888889,11.9000466852492,9,3.96668222841641
"1111",2001,"4B ","M",18,"length",106.5,7.17137165600636,8,2.53546276418555
"1112",2001,"4D ","F",12,"length",95.3888888888889,12.2721055717183,18,2.8925630230664
"1113",2001,"4D ","F",13,"length",98.15625,7.30933726751766,32,1.29212048696032
"1114",2001,"4D ","F",14,"length",99.7073170731707,11.3252900678946,41,1.76871315438276
"1115",2001,"4D ","F",15,"length",110.846153846154,14.3602014127722,26,2.81626720087877
"1116",2001,"4D ","F",16,"length",110.916666666667,13.013687433086,12,3.75672797132093
"1117",2001,"4D ","F",17,"length",129.5,20.2991515969401,10,6.41915536153749
"1118",2001,"4D ","F",18,"length",111.4,11.6533257055658,5,5.21152568831815
"1119",2001,"4D ","M",12,"length",78.125,6.17454451761423,8,2.18303114957162
"1120",2001,"4D ","M",13,"length",85.5,9.18072515031979,8,3.2458765050005
"1121",2001,"4D ","M",14,"length",89,9.12870929175277,10,2.88675134594813
"1122",2001,"4D ","M",15,"length",97.6,6.87749954561976,5,3.07571129984594
"1123",2001,"4D ","M",16,"length",98.3333333333333,13.5266291798695,12,3.90480149911295
"1124",2001,"4D ","M",17,"length",100.555555555556,8.51632419402748,9,2.83877473134249
"1125",2001,"4D ","M",18,"length",107.111111111111,11.0842731431119,9,3.69475771437062
"1126",2002,"2A ","F",12,"length",131,NA,1,NA
"1127",2002,"2A ","F",13,"length",112,10,9,3.33333333333333
"1128",2002,"2A ","F",14,"length",107.857142857143,7.1978832867395,7,2.72054416325442
"1129",2002,"2A ","F",15,"length",119.1,14.8507388518028,10,4.69621597080505
"1130",2002,"2A ","F",16,"length",119,NA,1,NA
"1131",2002,"2A ","M",12,"length",87,NA,1,NA
"1132",2002,"2A ","M",13,"length",86,4.24264068711928,2,3
"1133",2002,"2A ","M",14,"length",100,NA,1,NA
"1134",2002,"2A ","M",15,"length",93.25,7.63216876123687,4,3.81608438061844
"1135",2002,"2A ","M",16,"length",92,NA,1,NA
"1136",2002,"2A ","M",17,"length",98.5,3.53553390593274,2,2.5
"1137",2002,"2A ","M",18,"length",101,NA,1,NA
"1138",2002,"2B ","F",12,"length",106.181818181818,18.3347657842591,11,5.52813988413032
"1139",2002,"2B ","F",13,"length",111.545454545455,14.376116557427,11,4.33456223303647
"1140",2002,"2B ","F",14,"length",122.230769230769,21.4715076560926,13,5.95512475504302
"1141",2002,"2B ","F",15,"length",112.3125,10.9466509338092,16,2.73666273345231
"1142",2002,"2B ","F",16,"length",110,7.58287544405155,5,3.39116499156263
"1143",2002,"2B ","F",17,"length",131.166666666667,27.0659687923168,6,11.0496354892116
"1144",2002,"2B ","F",18,"length",142.666666666667,5.68624070307733,3,3.2829526005987
"1145",2002,"2B ","M",12,"length",86.6428571428571,9.28693990220959,14,2.48203909183059
"1146",2002,"2B ","M",13,"length",85.8666666666667,7.11001975752395,15,1.83579920747306
"1147",2002,"2B ","M",14,"length",88.1875,12.2975268516343,16,3.07438171290858
"1148",2002,"2B ","M",15,"length",90.7,14.6038927759186,20,3.2655296983072
"1149",2002,"2B ","M",16,"length",92,8.98888202169769,6,3.66969571853944
"1150",2002,"2B ","M",17,"length",100,9.89949493661167,2,7
"1151",2002,"2B ","M",18,"length",111,NA,1,NA
"1152",2002,"2C ","F",12,"length",103.409090909091,15.716715672021,22,3.35081504003233
"1153",2002,"2C ","F",13,"length",108.933333333333,19.6667473767513,15,5.07793233761507
"1154",2002,"2C ","F",14,"length",112.727272727273,12.2364864945621,22,2.6088276863164
"1155",2002,"2C ","F",15,"length",119.555555555556,12.5002564076266,27,2.40567546729419
"1156",2002,"2C ","F",16,"length",134,10.7354552767919,9,3.57848509226398
"1157",2002,"2C ","F",17,"length",146.333333333333,22.5905584998099,3,13.0426650310092
"1158",2002,"2C ","M",12,"length",86.5,15.7162336455017,12,4.53688586293873
"1159",2002,"2C ","M",13,"length",89.2,13.1703129369481,15,3.40056017794268
"1160",2002,"2C ","M",14,"length",90.1538461538462,8.0295927028934,13,2.22700832395182
"1161",2002,"2C ","M",15,"length",95.5,15.1085813619026,14,4.037938218317
"1162",2002,"2C ","M",16,"length",109.333333333333,34.9618840072061,3,20.1852531429369
"1163",2002,"2C ","M",17,"length",111.8,10.2323017938292,5,4.57602447545902
"1164",2002,"2C ","M",18,"length",131,NA,1,NA
"1165",2002,"3A ","F",12,"length",94,11.5844723660597,11,3.4928498393146
"1166",2002,"3A ","F",13,"length",94.56,14.3500290359753,25,2.87000580719505
"1167",2002,"3A ","F",14,"length",105.818181818182,13.7481994098495,22,2.9311259627797
"1168",2002,"3A ","F",15,"length",108.897435897436,20.5154561397202,39,3.28510211612263
"1169",2002,"3A ","F",16,"length",113.5,16.1108293867638,18,3.79735890330673
"1170",2002,"3A ","F",17,"length",115.076923076923,13.901208211648,13,3.85550146138446
"1171",2002,"3A ","F",18,"length",108.5,16.2634559672906,2,11.5
"1172",2002,"3A ","M",12,"length",80.5,4.7026997156298,14,1.25684936634043
"1173",2002,"3A ","M",13,"length",83.4545454545455,11.2746123266782,22,2.40375542467958
"1174",2002,"3A ","M",14,"length",83.3,6.82950256337589,20,1.52712319842176
"1175",2002,"3A ","M",15,"length",86.75,8.98744644203163,32,1.58877108117787
"1176",2002,"3A ","M",16,"length",89.375,7.96555082841105,16,1.99138770710276
"1177",2002,"3A ","M",17,"length",91.5833333333333,11.1555802044076,12,3.22033861699058
"1178",2002,"3A ","M",18,"length",93.625,9.42545944314046,8,3.3324031440217
"1179",2002,"3B ","F",12,"length",88.625,6.96803928150319,8,2.46357391376257
"1180",2002,"3B ","F",13,"length",95.875,18.3181213946346,8,6.47643392837227
"1181",2002,"3B ","F",14,"length",93.7692307692308,7.91784741532114,13,2.19601575748003
"1182",2002,"3B ","F",15,"length",113.25,24.863628053846,16,6.21590701346151
"1183",2002,"3B ","F",16,"length",114.083333333333,21.6184194752082,12,6.24070015173285
"1184",2002,"3B ","F",17,"length",114.4,14.660604807897,10,4.63609030685699
"1185",2002,"3B ","F",18,"length",100,NA,1,NA
"1186",2002,"3B ","M",12,"length",78.8571428571429,6.98638131005772,7,2.64060393009748
"1187",2002,"3B ","M",13,"length",84.5454545454545,5.7682516651692,11,1.73919331542809
"1188",2002,"3B ","M",14,"length",82.8888888888889,9.10002513822571,18,2.14489649473582
"1189",2002,"3B ","M",15,"length",88.04,10.6945468970562,25,2.13890937941123
"1190",2002,"3B ","M",16,"length",90.8947368421053,9.67180746547008,19,2.2188648075456
"1191",2002,"3B ","M",17,"length",91.9090909090909,9.75145676762755,11,2.94017484159931
"1192",2002,"3B ","M",18,"length",99.3,8.7692645073575,10,2.77308492477241
"1193",2002,"4A ","F",12,"length",100.428571428571,6.77881855136874,7,2.56215258139326
"1194",2002,"4A ","F",13,"length",97.1428571428571,6.25642526870234,7,2.36470647960669
"1195",2002,"4A ","F",14,"length",108.875,12.2874791091234,8,4.34427990087458
"1196",2002,"4A ","F",15,"length",109.1,15.0504415042777,20,3.36538102949491
"1197",2002,"4A ","F",16,"length",111.8,21.7186555753343,5,9.71287804927046
"1198",2002,"4A ","F",17,"length",114.4,12.3409886151799,5,5.51905789061865
"1199",2002,"4A ","M",12,"length",79.0909090909091,8.8255826488062,11,2.66101329112374
"1200",2002,"4A ","M",13,"length",84.6428571428571,8.3076159947655,14,2.22030376809255
"1201",2002,"4A ","M",14,"length",87.125,11.6382988447625,16,2.90957471119062
"1202",2002,"4A ","M",15,"length",89.8333333333333,6.48300946819499,18,1.52805998581909
"1203",2002,"4A ","M",16,"length",93.8181818181818,11.522310374384,11,3.47410729362282
"1204",2002,"4A ","M",17,"length",95.375,12.5121369649062,8,4.42370844751001
"1205",2002,"4A ","M",18,"length",94,8.48528137423857,2,6
"1206",2002,"4B ","F",12,"length",122,9.89949493661167,2,7
"1207",2002,"4B ","F",13,"length",122.25,14.7054411698527,4,7.35272058492637
"1208",2002,"4B ","F",14,"length",118.777777777778,20.3456247002751,9,6.7818749000917
"1209",2002,"4B ","F",15,"length",119.75,10.5931244547719,8,3.74523506796112
"1210",2002,"4B ","F",16,"length",137.333333333333,2.08166599946613,3,1.20185042515466
"1211",2002,"4B ","F",17,"length",129,NA,1,NA
"1212",2002,"4B ","F",18,"length",150.5,7.77817459305202,2,5.5
"1213",2002,"4B ","M",12,"length",88,5.93908471674948,12,1.71446607997765
"1214",2002,"4B ","M",13,"length",96.7142857142857,8.19988385515888,7,3.099264780052
"1215",2002,"4B ","M",14,"length",98.875,5.89036743942418,8,2.08255938004864
"1216",2002,"4B ","M",15,"length",94.1428571428571,6.09449400220044,7,2.30350221379959
"1217",2002,"4B ","M",16,"length",107.5,17.7172232587389,6,7.23302610714676
"1218",2002,"4B ","M",17,"length",110.666666666667,6.32455532033676,9,2.10818510677892
"1219",2002,"4B ","M",18,"length",107.090909090909,8.50240607657086,11,2.56357188829303
"1220",2002,"4D ","F",12,"length",93.9285714285714,10.1788943461405,14,2.72042394424485
"1221",2002,"4D ","F",13,"length",98.4545454545455,8.05436076127257,11,2.42848114284567
"1222",2002,"4D ","F",14,"length",101.633333333333,14.0822297738071,30,2.57105163569501
"1223",2002,"4D ","F",15,"length",106.675,10.7163606049528,40,1.69440538696754
"1224",2002,"4D ","F",16,"length",104.421052631579,10.199759199084,19,2.33998524196086
"1225",2002,"4D ","F",17,"length",123,24.794540341963,14,6.62661964444074
"1226",2002,"4D ","F",18,"length",116.6,12.8569047597001,5,5.74978260458602
"1227",2002,"4D ","M",12,"length",76.6,2.88097205817759,5,1.28840987267251
"1228",2002,"4D ","M",13,"length",87.3333333333333,8.58778201865883,9,2.86259400621961
"1229",2002,"4D ","M",14,"length",86.7142857142857,11.8140352365916,7,4.46528560231079
"1230",2002,"4D ","M",15,"length",92.4705882352941,11.0911994789722,17,2.69001099803517
"1231",2002,"4D ","M",16,"length",100.333333333333,15.7960486044818,12,4.55992645696499
"1232",2002,"4D ","M",17,"length",94.3333333333333,2.08166599946613,3,1.20185042515466
"1233",2002,"4D ","M",18,"length",101.3,12.6933928570033,10,4.01400326634424
"1234",2007,"4B ","F",12,"length",119,8.20568908339411,4,4.10284454169706
"1235",2007,"4B ","F",13,"length",122.8,10.4976187776086,5,4.6946778377222
"1236",2007,"4B ","F",14,"length",118.333333333333,6.50640709864771,3,3.75647588986155
"1237",2007,"4B ","F",15,"length",127.5,3.53553390593274,2,2.5
"1238",2007,"4B ","F",16,"length",120,NA,1,NA
"1239",2007,"4B ","F",17,"length",137.5,9.19238815542512,2,6.5
"1240",2007,"4B ","M",12,"length",89.2,3.63318042491699,5,1.62480768092719
"1241",2007,"4B ","M",13,"length",99.5,4.50924975282289,4,2.25462487641145
"1242",2007,"4B ","M",14,"length",115.6,17.0675129998486,5,7.63282385490455
"1243",2007,"4B ","M",16,"length",96,NA,1,NA
